-- phpMyAdmin SQL Dump
-- version 4.7.7
-- https://www.phpmyadmin.net/
--
-- Host: localhost:8889
-- Generation Time: Jul 25, 2019 at 12:35 PM
-- Server version: 5.6.38
-- PHP Version: 5.6.32

SET SQL_MODE = "NO_AUTO_VALUE_ON_ZERO";
SET time_zone = "+00:00";


/*!40101 SET @OLD_CHARACTER_SET_CLIENT=@@CHARACTER_SET_CLIENT */;
/*!40101 SET @OLD_CHARACTER_SET_RESULTS=@@CHARACTER_SET_RESULTS */;
/*!40101 SET @OLD_COLLATION_CONNECTION=@@COLLATION_CONNECTION */;
/*!40101 SET NAMES utf8mb4 */;

--
-- Database: `zxk`
--

-- --------------------------------------------------------

--
-- Table structure for table `contact`
--

CREATE TABLE `contact` (
  `id` int(10) UNSIGNED NOT NULL,
  `program_id` int(11) NOT NULL,
  `is_12s` varchar(10) COLLATE utf8_unicode_ci NOT NULL,
  `type` varchar(255) COLLATE utf8_unicode_ci NOT NULL,
  `organ` varchar(255) COLLATE utf8_unicode_ci NOT NULL,
  `name` varchar(255) COLLATE utf8_unicode_ci NOT NULL,
  `tele` varchar(255) COLLATE utf8_unicode_ci NOT NULL,
  `created_at` timestamp NOT NULL DEFAULT '0000-00-00 00:00:00',
  `updated_at` timestamp NOT NULL DEFAULT '0000-00-00 00:00:00'
) ENGINE=InnoDB DEFAULT CHARSET=utf8 COLLATE=utf8_unicode_ci;

--
-- Dumping data for table `contact`
--

INSERT INTO `contact` (`id`, `program_id`, `is_12s`, `type`, `organ`, `name`, `tele`, `created_at`, `updated_at`) VALUES
(1, 27, '是', '计划', '12所', 'ww', 'wwe', '2019-07-04 02:53:13', '2019-07-04 02:53:13'),
(2, 27, '是', '质量', '12所', 'ee', '', '2019-07-04 02:53:13', '2019-07-04 02:53:13'),
(3, 27, '是', '设计', '12所', 'ee', 'qq', '2019-07-04 02:53:13', '2019-07-04 02:53:13'),
(4, 28, '是', '计划', '12所', 'ww', 'wwe', '2019-07-04 02:53:54', '2019-07-04 02:53:54'),
(5, 28, '是', '质量', '12所', 'ee', '', '2019-07-04 02:53:54', '2019-07-04 02:53:54'),
(6, 28, '是', '设计', '12所', 'ee', 'qq', '2019-07-04 02:53:54', '2019-07-04 02:53:54'),
(7, 29, '是', '计划', '12所', 'ww', 'wwe', '2019-07-04 02:59:48', '2019-07-04 02:59:48'),
(8, 29, '是', '质量', '12所', 'ee', '', '2019-07-04 02:59:48', '2019-07-04 02:59:48'),
(9, 29, '是', '设计', '12所', 'ee', 'qq', '2019-07-04 02:59:48', '2019-07-04 02:59:48'),
(10, 30, '是', '计划', '', '', '', '2019-07-04 08:19:40', '2019-07-04 08:19:40'),
(11, 30, '是', '质量', '', '', '', '2019-07-04 08:19:40', '2019-07-04 08:19:40'),
(12, 30, '是', '设计', '', '', '', '2019-07-04 08:19:40', '2019-07-04 08:19:40');

-- --------------------------------------------------------

--
-- Table structure for table `contract`
--

CREATE TABLE `contract` (
  `id` int(10) UNSIGNED NOT NULL,
  `workflow_id` int(11) NOT NULL,
  `created_at` timestamp NOT NULL DEFAULT '0000-00-00 00:00:00',
  `updated_at` timestamp NOT NULL DEFAULT '0000-00-00 00:00:00',
  `contract_type` tinyint(4) NOT NULL,
  `is_assist_need` tinyint(4) NOT NULL
) ENGINE=InnoDB DEFAULT CHARSET=utf8 COLLATE=utf8_unicode_ci;

-- --------------------------------------------------------

--
-- Table structure for table `daily_note`
--

CREATE TABLE `daily_note` (
  `id` int(10) UNSIGNED NOT NULL,
  `ptr_note_id` int(11) NOT NULL,
  `assist_name` varchar(255) COLLATE utf8_unicode_ci NOT NULL,
  `plan_work` varchar(255) COLLATE utf8_unicode_ci NOT NULL,
  `actual_work` varchar(255) COLLATE utf8_unicode_ci NOT NULL,
  `output` varchar(255) COLLATE utf8_unicode_ci NOT NULL,
  `created_at` timestamp NOT NULL DEFAULT '0000-00-00 00:00:00',
  `updated_at` timestamp NOT NULL DEFAULT '0000-00-00 00:00:00'
) ENGINE=InnoDB DEFAULT CHARSET=utf8 COLLATE=utf8_unicode_ci;

--
-- Dumping data for table `daily_note`
--

INSERT INTO `daily_note` (`id`, `ptr_note_id`, `assist_name`, `plan_work`, `actual_work`, `output`, `created_at`, `updated_at`) VALUES
(1, 3, '', '', '', '', '2019-04-22 07:09:23', '2019-04-22 07:09:23');

-- --------------------------------------------------------

--
-- Table structure for table `delay_apply`
--

CREATE TABLE `delay_apply` (
  `id` int(10) UNSIGNED NOT NULL,
  `ptr_note_id` int(11) NOT NULL,
  `delay_reason` varchar(255) COLLATE utf8_unicode_ci NOT NULL,
  `delay_day` timestamp NOT NULL DEFAULT CURRENT_TIMESTAMP,
  `is_approved` varchar(255) COLLATE utf8_unicode_ci NOT NULL,
  `created_at` timestamp NOT NULL DEFAULT '0000-00-00 00:00:00',
  `updated_at` timestamp NOT NULL DEFAULT '0000-00-00 00:00:00'
) ENGINE=InnoDB DEFAULT CHARSET=utf8 COLLATE=utf8_unicode_ci;

-- --------------------------------------------------------

--
-- Table structure for table `employee`
--

CREATE TABLE `employee` (
  `id` int(10) UNSIGNED NOT NULL,
  `name` varchar(255) COLLATE utf8_unicode_ci NOT NULL,
  `age` int(10) UNSIGNED NOT NULL,
  `sex` varchar(10) COLLATE utf8_unicode_ci NOT NULL DEFAULT '0',
  `mobilephone` varchar(255) COLLATE utf8_unicode_ci NOT NULL,
  `team_id` int(10) UNSIGNED NOT NULL,
  `is_director` tinyint(1) NOT NULL DEFAULT '0',
  `is_v_director` tinyint(1) NOT NULL DEFAULT '0',
  `is_chiefdesigner` tinyint(1) NOT NULL DEFAULT '0',
  `is_v_chiefdesigner` tinyint(1) NOT NULL DEFAULT '0',
  `is_teamleader` tinyint(1) NOT NULL,
  `is_p_leader` tinyint(1) NOT NULL DEFAULT '0',
  `is_p_principal` tinyint(1) NOT NULL DEFAULT '0',
  `is_qa` tinyint(1) NOT NULL DEFAULT '0',
  `is_cm` tinyint(1) NOT NULL DEFAULT '0',
  `is_bd` tinyint(1) NOT NULL DEFAULT '0',
  `is_tester` tinyint(1) NOT NULL DEFAULT '0',
  `is_admin` tinyint(1) NOT NULL DEFAULT '0',
  `created_at` timestamp NOT NULL DEFAULT '0000-00-00 00:00:00',
  `updated_at` timestamp NOT NULL DEFAULT '0000-00-00 00:00:00'
) ENGINE=MyISAM DEFAULT CHARSET=utf8 COLLATE=utf8_unicode_ci;

--
-- Dumping data for table `employee`
--

INSERT INTO `employee` (`id`, `name`, `age`, `sex`, `mobilephone`, `team_id`, `is_director`, `is_v_director`, `is_chiefdesigner`, `is_v_chiefdesigner`, `is_teamleader`, `is_p_leader`, `is_p_principal`, `is_qa`, `is_cm`, `is_bd`, `is_tester`, `is_admin`, `created_at`, `updated_at`) VALUES
(1, '范子卿', 27, '男', '87525', 3, 1, 0, 1, 0, 0, 1, 1, 1, 0, 1, 0, 1, '0000-00-00 00:00:00', '2019-04-18 02:50:38'),
(2, '王洋', 35, '男', '87343', 1, 0, 0, 1, 0, 0, 1, 1, 0, 0, 0, 1, 0, '0000-00-00 00:00:00', '0000-00-00 00:00:00'),
(5, '冉红艳', 123, '女', '', 1, 0, 0, 0, 0, 0, 0, 0, 0, 0, 0, 0, 0, '0000-00-00 00:00:00', '0000-00-00 00:00:00'),
(10, '尤艺', 123, '女', '', 1, 0, 0, 0, 0, 0, 0, 0, 0, 0, 0, 0, 0, '0000-00-00 00:00:00', '0000-00-00 00:00:00'),
(7, '姜萍', 12, '女', '', 4, 0, 0, 0, 0, 0, 0, 0, 0, 0, 0, 0, 0, '0000-00-00 00:00:00', '2019-04-17 09:14:05'),
(8, '林桂芳1234', 123, '女', '', 2, 0, 0, 0, 1, 0, 0, 0, 0, 0, 0, 0, 0, '0000-00-00 00:00:00', '2019-05-21 06:42:31'),
(11, '刘春龙', 27, '男', '88999', 1, 0, 0, 0, 0, 0, 0, 0, 0, 0, 0, 0, 0, '2019-04-17 08:54:43', '2019-04-17 08:54:43'),
(12, '申彪', 27, '男', '88999', 3, 0, 0, 0, 0, 0, 0, 0, 0, 0, 0, 0, 0, '2019-04-17 09:12:18', '2019-04-17 09:13:58'),
(13, '王亚飞', 27, '男', '88999', 3, 0, 0, 0, 0, 0, 1, 0, 0, 0, 0, 0, 0, '2019-04-17 09:13:04', '2019-04-17 09:13:21'),
(14, '请输入姓名', 27, '男', '88999', 1, 0, 0, 0, 0, 0, 0, 0, 0, 0, 0, 0, 0, '2019-04-18 08:04:36', '2019-04-18 08:04:36'),
(15, '隗合建', 27, '男', '88999', 1, 0, 0, 0, 0, 0, 0, 1, 0, 0, 0, 0, 0, '2019-06-28 05:42:42', '2019-06-28 05:42:42'),
(16, '李志敏', 27, '男', '88999', 1, 0, 0, 0, 0, 0, 0, 0, 0, 0, 0, 0, 0, '2019-06-28 05:44:17', '2019-06-28 05:44:17'),
(17, '许春来', 27, '男', '88999', 1, 0, 0, 0, 0, 0, 0, 0, 0, 0, 0, 0, 0, '2019-06-28 05:44:33', '2019-06-28 05:44:33');

-- --------------------------------------------------------

--
-- Table structure for table `file_program`
--

CREATE TABLE `file_program` (
  `id` int(10) UNSIGNED NOT NULL,
  `program_id` int(11) NOT NULL,
  `employee_id` int(11) NOT NULL,
  `version` varchar(255) COLLATE utf8_unicode_ci NOT NULL,
  `category` varchar(255) COLLATE utf8_unicode_ci NOT NULL,
  `name` varchar(255) COLLATE utf8_unicode_ci NOT NULL,
  `path` varchar(255) COLLATE utf8_unicode_ci NOT NULL,
  `review_state` varchar(50) COLLATE utf8_unicode_ci DEFAULT NULL,
  `created_at` timestamp NOT NULL DEFAULT '0000-00-00 00:00:00',
  `updated_at` timestamp NOT NULL DEFAULT '0000-00-00 00:00:00'
) ENGINE=InnoDB DEFAULT CHARSET=utf8 COLLATE=utf8_unicode_ci;

--
-- Dumping data for table `file_program`
--

INSERT INTO `file_program` (`id`, `program_id`, `employee_id`, `version`, `category`, `name`, `path`, `review_state`, `created_at`, `updated_at`) VALUES
(5, 7, 1, '3.0', '任务书', 'excel-list (4).xlsx', 'app/program/7/任务书/3.0', '否', '2019-05-10 09:29:15', '2019-05-16 09:41:12'),
(6, 7, 1, '1.0', '任务书', 'Report (1).pdf', 'app/program/7/任务书/1.0', '否', '2019-05-14 05:07:59', '2019-05-16 06:45:44'),
(7, 7, 1, '123', '任务书', 'Report.pdf', 'app/program/7/任务书/123', '否', '2019-05-14 05:13:50', '2019-05-16 06:45:44'),
(8, 7, 1, '2', '任务书', 'Report.pdf', 'app/program/7/任务书/2', '否', '2019-05-14 05:14:03', '2019-05-16 06:45:44'),
(9, 7, 1, '123', '任务书', 'Report (1).pdf', 'app/program/7/任务书/123', '否', '2019-05-14 05:25:15', '2019-05-16 06:45:45'),
(10, 7, 1, '1', '测试计划', '心得人工智能：李开复谈AI如何重塑个人、商业与社会的未来图谱 (1).docx', 'app/program/7/测试计划/1', '否', '2019-05-14 06:21:01', '2019-05-16 09:41:12'),
(11, 7, 1, '123', '测试计划', '2019新春联欢会串词手卡.docx', 'app/program/7/测试计划/123', '否', '2019-05-16 01:32:18', '2019-05-17 07:45:07'),
(12, 7, 1, '2', '测试计划', 'excel-list (4).xlsx', 'app/program/7/测试计划/2', '是', '2019-05-16 02:59:20', '2019-05-17 07:45:07'),
(14, 7, 1, '123', '测试计划', 'excel-list (4) (1).xlsx', 'app/program/7/测试计划/123', '否', '2019-05-16 06:15:57', '2019-05-17 05:50:32'),
(15, 7, 1, '123', '任务书', 'excel-list (4) (2).xlsx', 'app/program/7/任务书/123', '否', '2019-05-16 10:19:21', '2019-05-17 05:52:10'),
(16, 7, 1, '1', '软件需求', 'excel-list (4) (2).xlsx', 'app/program/7/软件需求/1', '否', '2019-05-16 10:19:29', '2019-05-16 10:19:29'),
(17, 5, 1, '1.9', '测试计划', '填报信息2019-6-17 13_45_4.xlsx', 'app/program/5/测试计划/1.9', '否', '2019-06-20 07:25:37', '2019-06-20 07:25:37');

-- --------------------------------------------------------

--
-- Table structure for table `file_review`
--

CREATE TABLE `file_review` (
  `id` int(10) UNSIGNED NOT NULL,
  `file_program_id` int(11) NOT NULL,
  `employee_id` int(11) NOT NULL,
  `category` varchar(20) COLLATE utf8_unicode_ci NOT NULL,
  `phase` varchar(20) COLLATE utf8_unicode_ci NOT NULL,
  `version` varchar(255) COLLATE utf8_unicode_ci NOT NULL,
  `name` varchar(255) COLLATE utf8_unicode_ci NOT NULL,
  `path` varchar(255) COLLATE utf8_unicode_ci NOT NULL,
  `state` varchar(255) COLLATE utf8_unicode_ci NOT NULL,
  `created_at` timestamp NOT NULL DEFAULT '0000-00-00 00:00:00',
  `updated_at` timestamp NOT NULL DEFAULT '0000-00-00 00:00:00'
) ENGINE=InnoDB DEFAULT CHARSET=utf8 COLLATE=utf8_unicode_ci;

--
-- Dumping data for table `file_review`
--

INSERT INTO `file_review` (`id`, `file_program_id`, `employee_id`, `category`, `phase`, `version`, `name`, `path`, `state`, `created_at`, `updated_at`) VALUES
(1, 11, 1, '测试计划', '专家意见', '1', 'Report (5).pdf', 'app/program/7/review/11/测试计划/专家意见/1', '待确认', '2019-05-17 06:33:41', '2019-05-17 06:33:41'),
(2, 11, 1, '测试计划', '专家意见', '123', 'Report (5).pdf', 'app/program/7//11/测试计划/专家意见/123', '待确认', '2019-05-17 06:54:27', '2019-05-17 06:57:31'),
(3, 11, 1, '测试计划', '型号负责人意见', '1', 'Report (5) (1).pdf', 'app/program/7//11/测试计划/型号负责人意见/1', '待确认', '2019-05-17 07:03:20', '2019-05-17 07:03:20'),
(4, 12, 1, '测试计划', '专家意见', '1', 'Report (5) (2).pdf', 'app/program/7//12/测试计划/专家意见/1', '待确认', '2019-05-17 07:03:52', '2019-05-17 07:03:52');

-- --------------------------------------------------------

--
-- Table structure for table `migrations`
--

CREATE TABLE `migrations` (
  `migration` varchar(255) COLLATE utf8_unicode_ci NOT NULL,
  `batch` int(11) NOT NULL
) ENGINE=InnoDB DEFAULT CHARSET=utf8 COLLATE=utf8_unicode_ci;

--
-- Dumping data for table `migrations`
--

INSERT INTO `migrations` (`migration`, `batch`) VALUES
('2016_12_31_075833_create_employees_table', 1),
('2018_12_05_150458_create_programs_table', 1),
('2018_12_05_152207_create_teams_table', 1),
('2018_12_05_153743_create_teams_software_info', 1),
('2018_12_06_142231_update_programs', 2),
('2018_12_06_144417_update_softeware_info', 3),
('2018_12_06_154728_addproducer_softeware_info', 4),
('2018_12_06_161823_add_domain_plateform_size_runtime_type_softeware_info', 5),
('2018_12_06_163048_recreate_softeware_info', 6),
('2018_12_10_110646_create_workflow', 7),
('2018_12_10_182722_create_workflow_template', 8),
('2018_12_11_092814_create_node', 9),
('2018_12_11_104132_create_workflow_tmplate_edit_log', 9),
('2018_12_11_132859_rename_cloumn_wf_flow_workflow', 10),
('2018_12_11_133133_rename_cloumn_wf_flow_workflow', 11),
('2018_12_11_133758_rename_cloumn_wf_flow_workflow2', 12),
('2018_12_11_134309_create_workflow_edit_log', 13),
('2018_12_11_134525_create_program_team', 14),
('2018_12_11_142748_rename_program_team', 15),
('2018_12_11_143045_create_team_roles', 16),
('2018_12_11_151704_create_user_info', 17),
('2018_12_11_153207_create_tokens', 18),
('2018_12_14_162843_alter_roles_length_to_tokens_table', 19),
('2018_12_14_163101_alter_role_length_to_tokens_table', 20),
('2018_12_14_163507_add_role_length_to_tokens_table', 21),
('2018_12_19_130042_alter_table_name', 22),
('2018_12_19_130214_alter_table_name2', 23),
('2018_12_19_130438_alter_table_name3', 24),
('2018_12_19_130843_alter_tokens_property_to_token', 25),
('2018_12_19_131031_drop_table_token_role_property', 26),
('2018_12_19_174347_drop_table_program_time_property', 27),
('2018_12_20_091915_alter_table_program_time_property', 28),
('2018_12_20_092202_create_table_program_time_property1', 29),
('2018_12_20_093406_create_table_contract', 30),
('2018_12_20_094635_add_table_program_forein_key', 31),
('2018_12_20_104129_add_contract_property_isAssitNeed_contractType', 32),
('2018_12_20_104440_add_table_contract_update_info', 33),
('2018_12_20_110318_alter_table_name_contract_update_info', 34),
('2018_12_20_110444_alter_table_name_contract_update_inf1o', 35),
('2018_12_20_110525_alter_table_name_contract_update_inf21o', 36),
('2018_12_20_110609_alter_table_name_contract_update_inf213o', 37),
('2018_12_20_110655_alter_table_name_contract_update_inf2134o', 38),
('2018_12_20_140643_alter_table_program_property', 39),
('2018_12_20_150438_alter_table_software_info', 40),
('2018_12_20_151513_alter_table_software_info1', 41),
('2018_12_20_162351_create_table_contact', 42),
('2018_12_24_094733_create_table_contact_program', 43),
('2018_12_25_135847_alter_table_node_create_property_ishead', 44),
('2019_01_08_125308_add_model_program', 45),
('2019_01_08_133705_alter_program', 46),
('2019_01_08_134047_alter_program', 47),
('2019_01_08_134346_alter_software_info', 48),
('2019_01_08_134532_alter_software_info', 49),
('2019_01_09_151807_add_creater_id_program', 50),
('2019_01_10_094244_drop_infosource', 51),
('2019_01_10_094832_creat-table-softwareinfo', 52),
('2019_01_14_093806_add_programteamrole_percentge', 53),
('2019_03_06_141658_create_users_table', 54),
('2019_03_07_163236_create_pvlog_table', 55),
('2019_03_07_173938_create_pvlog_table', 56),
('2019_03_08_153437_create_workflow_table', 57),
('2019_03_13_161726_createdailynote', 58),
('2019_03_14_201605_createdelayApp', 59),
('2019_03_26_103146_create_program_note_table', 60),
('2019_04_25_095326_create_file_save', 61),
('2019_05_14_150558_create_file_save', 62),
('2019_05_21_151620_create_poll', 63),
('2019_05_21_151907_create_poll', 64),
('2019_05_21_155928_create_poll_value', 65),
('2019_05_29_143231_create_poll_fill_table', 66),
('2019_06_18_093709_create_table_model', 67),
('2019_06_28_175800_create_table_model', 68),
('2019_07_18_122939_creat_table_notest_work', 69);

-- --------------------------------------------------------

--
-- Table structure for table `model`
--

CREATE TABLE `model` (
  `id` int(10) UNSIGNED NOT NULL,
  `model_name` varchar(255) COLLATE utf8_unicode_ci NOT NULL,
  `employee_id` int(11) NOT NULL,
  `created_at` timestamp NOT NULL DEFAULT '0000-00-00 00:00:00',
  `updated_at` timestamp NOT NULL DEFAULT '0000-00-00 00:00:00'
) ENGINE=InnoDB DEFAULT CHARSET=utf8 COLLATE=utf8_unicode_ci;

--
-- Dumping data for table `model`
--

INSERT INTO `model` (`id`, `model_name`, `employee_id`, `created_at`, `updated_at`) VALUES
(4, 'model x', 1, '2019-06-18 06:48:44', '2019-06-18 07:07:39'),
(5, 'model y\n', 1, '2019-06-18 06:49:10', '2019-06-18 07:07:47'),
(6, 'model 3\n', 1, '2019-06-18 06:50:13', '2019-06-18 07:07:54'),
(7, 'geely\n', 2, '2019-06-18 06:51:03', '2019-06-18 07:08:01'),
(8, 'model_text', 15, '2019-06-28 05:43:31', '2019-06-28 05:43:31'),
(9, '123', 2, '2019-07-19 06:16:38', '2019-07-19 06:16:38');

-- --------------------------------------------------------

--
-- Table structure for table `node`
--

CREATE TABLE `node` (
  `id` int(10) UNSIGNED NOT NULL,
  `workflow_id` int(11) NOT NULL,
  `workflow_template_id` int(11) NOT NULL,
  `name` varchar(255) COLLATE utf8_unicode_ci NOT NULL,
  `plan_day` timestamp NULL DEFAULT NULL,
  `actual_day` timestamp NULL DEFAULT NULL,
  `type` varchar(255) COLLATE utf8_unicode_ci NOT NULL,
  `array_index` tinyint(11) DEFAULT NULL,
  `created_at` timestamp NOT NULL DEFAULT '0000-00-00 00:00:00',
  `updated_at` timestamp NOT NULL DEFAULT '0000-00-00 00:00:00'
) ENGINE=InnoDB DEFAULT CHARSET=utf8 COLLATE=utf8_unicode_ci;

--
-- Dumping data for table `node`
--

INSERT INTO `node` (`id`, `workflow_id`, `workflow_template_id`, `name`, `plan_day`, `actual_day`, `type`, `array_index`, `created_at`, `updated_at`) VALUES
(1, 1, 1, '建项', NULL, NULL, '建项', 0, '2019-04-10 06:12:33', '2019-04-10 06:12:33'),
(2, 1, 1, '被测软件接受', NULL, NULL, '测试执行', 1, '2019-04-10 06:12:33', '2019-04-10 06:12:33'),
(3, 1, 1, '静态问题提交', NULL, NULL, '报告', 2, '2019-04-10 06:12:33', '2019-04-10 06:12:33'),
(4, 1, 1, '测试环境就绪情况', NULL, '2019-04-01 16:00:00', '建项', 3, '2019-04-10 06:12:33', '2019-04-10 06:12:33'),
(5, 1, 1, '测试工作产品编写', NULL, NULL, '建项', 4, '2019-04-10 06:12:33', '2019-04-10 06:12:33'),
(6, 1, 1, '入库归档状态', NULL, NULL, '建项', 5, '2019-04-10 06:12:33', '2019-04-10 06:12:33'),
(7, 1, 1, '测试工作产品内部评审', NULL, NULL, '建项', 6, '2019-04-10 06:12:33', '2019-04-10 06:12:33'),
(8, 1, 1, '评审问题闭合', NULL, NULL, '建项', 7, '2019-04-10 06:12:33', '2019-04-10 06:12:33'),
(9, 1, 1, '需求(大纲)正式评审', NULL, NULL, '建项', 8, '2019-04-10 06:12:33', '2019-04-10 06:12:33'),
(10, 1, 1, '评审问题闭合', NULL, NULL, '建项', 9, '2019-04-10 06:12:33', '2019-04-10 06:12:33'),
(11, 1, 1, '入库归档状态', NULL, NULL, '建项', 10, '2019-04-10 06:12:33', '2019-04-10 06:12:33'),
(12, 1, 1, '首轮测试', NULL, NULL, '建项', 11, '2019-04-10 06:12:33', '2019-04-10 06:12:33'),
(13, 1, 1, '软件问题单闭合', NULL, NULL, '建项', 12, '2019-04-10 06:12:33', '2019-04-10 06:12:33'),
(14, 1, 1, '报告评审', NULL, NULL, '建项', 13, '2019-04-10 06:12:33', '2019-04-10 06:12:33'),
(15, 1, 1, '入库归档状态', NULL, NULL, '建项', 14, '2019-04-10 06:12:33', '2019-04-10 06:12:33'),
(16, 2, 1, '建项', NULL, NULL, '建项', 0, '2019-04-11 02:34:55', '2019-04-11 02:34:55'),
(17, 2, 1, '被测软件接受', NULL, NULL, '测试执行', 1, '2019-04-11 02:34:55', '2019-04-11 02:34:55'),
(18, 2, 1, '静态问题提交', NULL, NULL, '报告', 2, '2019-04-11 02:34:55', '2019-04-11 02:34:55'),
(19, 2, 1, '测试环境就绪情况', NULL, NULL, '建项', 3, '2019-04-11 02:34:55', '2019-04-11 02:34:55'),
(20, 2, 1, '测试工作产品编写', NULL, NULL, '建项', 4, '2019-04-11 02:34:55', '2019-04-11 02:34:55'),
(21, 2, 1, '入库归档状态', NULL, NULL, '建项', 5, '2019-04-11 02:34:55', '2019-04-11 02:34:55'),
(22, 2, 1, '测试工作产品内部评审', NULL, NULL, '建项', 6, '2019-04-11 02:34:55', '2019-04-11 02:34:55'),
(23, 2, 1, '评审问题闭合', NULL, NULL, '建项', 7, '2019-04-11 02:34:55', '2019-04-11 02:34:55'),
(24, 2, 1, '需求(大纲)正式评审', NULL, NULL, '建项', 8, '2019-04-11 02:34:55', '2019-04-11 02:34:55'),
(25, 2, 1, '评审问题闭合', NULL, NULL, '建项', 9, '2019-04-11 02:34:55', '2019-04-11 02:34:55'),
(26, 2, 1, '入库归档状态', NULL, NULL, '建项', 10, '2019-04-11 02:34:55', '2019-04-11 02:34:55'),
(27, 2, 1, '首轮测试', NULL, NULL, '建项', 11, '2019-04-11 02:34:55', '2019-04-11 02:34:55'),
(28, 2, 1, '软件问题单闭合', NULL, NULL, '建项', 12, '2019-04-11 02:34:55', '2019-04-11 02:34:55'),
(29, 2, 1, '报告评审', NULL, NULL, '建项', 13, '2019-04-11 02:34:55', '2019-04-11 02:34:55'),
(30, 2, 1, '入库归档状态', NULL, NULL, '建项', 14, '2019-04-11 02:34:55', '2019-04-11 02:34:55'),
(31, 3, 1, '建项', NULL, NULL, '建项', 0, '2019-06-18 08:45:17', '2019-06-18 08:45:17'),
(32, 3, 1, '被测软件接受', NULL, NULL, '测试执行', 1, '2019-06-18 08:45:17', '2019-06-18 08:45:17'),
(33, 3, 1, '静态问题提交', NULL, NULL, '报告', 2, '2019-06-18 08:45:17', '2019-06-18 08:45:17'),
(34, 3, 1, '测试环境就绪情况', NULL, NULL, '建项', 3, '2019-06-18 08:45:17', '2019-06-18 08:45:17'),
(35, 3, 1, '测试工作产品编写', NULL, NULL, '建项', 4, '2019-06-18 08:45:17', '2019-06-18 08:45:17'),
(36, 3, 1, '入库归档状态', NULL, NULL, '建项', 5, '2019-06-18 08:45:17', '2019-06-18 08:45:17'),
(37, 3, 1, '测试工作产品内部评审', NULL, NULL, '建项', 6, '2019-06-18 08:45:17', '2019-06-18 08:45:17'),
(38, 3, 1, '评审问题闭合', NULL, NULL, '建项', 7, '2019-06-18 08:45:17', '2019-06-18 08:45:17'),
(39, 3, 1, '需求(大纲)正式评审', NULL, NULL, '建项', 8, '2019-06-18 08:45:17', '2019-06-18 08:45:17'),
(40, 3, 1, '评审问题闭合', NULL, NULL, '建项', 9, '2019-06-18 08:45:17', '2019-06-18 08:45:17'),
(41, 3, 1, '入库归档状态', NULL, NULL, '建项', 10, '2019-06-18 08:45:17', '2019-06-18 08:45:17'),
(42, 3, 1, '首轮测试', NULL, NULL, '建项', 11, '2019-06-18 08:45:17', '2019-06-18 08:45:17'),
(43, 3, 1, '软件问题单闭合', NULL, NULL, '建项', 12, '2019-06-18 08:45:17', '2019-06-18 08:45:17'),
(44, 3, 1, '报告评审', NULL, NULL, '建项', 13, '2019-06-18 08:45:17', '2019-06-18 08:45:17'),
(45, 3, 1, '入库归档状态', NULL, NULL, '建项', 14, '2019-06-18 08:45:17', '2019-06-18 08:45:17'),
(46, 5, 1, '建项', NULL, NULL, '建项', 0, '2019-06-21 02:06:23', '2019-06-21 02:06:23'),
(47, 5, 1, '被测软件接受', NULL, NULL, '测试执行', 1, '2019-06-21 02:06:23', '2019-06-21 02:06:23'),
(48, 5, 1, '静态问题提交', NULL, NULL, '报告', 2, '2019-06-21 02:06:23', '2019-06-21 02:06:23'),
(49, 5, 1, '测试环境就绪情况', NULL, NULL, '建项', 3, '2019-06-21 02:06:23', '2019-06-21 02:06:23'),
(50, 5, 1, '测试工作产品编写', NULL, NULL, '建项', 4, '2019-06-21 02:06:23', '2019-06-21 02:06:23'),
(51, 5, 1, '入库归档状态', NULL, NULL, '建项', 5, '2019-06-21 02:06:23', '2019-06-21 02:06:23'),
(52, 5, 1, '测试工作产品内部评审', NULL, NULL, '建项', 6, '2019-06-21 02:06:23', '2019-06-21 02:06:23'),
(53, 5, 1, '评审问题闭合', NULL, NULL, '建项', 7, '2019-06-21 02:06:23', '2019-06-21 02:06:23'),
(54, 5, 1, '需求(大纲)正式评审', NULL, NULL, '建项', 8, '2019-06-21 02:06:23', '2019-06-21 02:06:23'),
(55, 5, 1, '评审问题闭合', NULL, NULL, '建项', 9, '2019-06-21 02:06:23', '2019-06-21 02:06:23'),
(56, 5, 1, '入库归档状态', NULL, NULL, '建项', 10, '2019-06-21 02:06:23', '2019-06-21 02:06:23'),
(57, 5, 1, '首轮测试', NULL, NULL, '建项', 11, '2019-06-21 02:06:23', '2019-06-21 02:06:23'),
(58, 5, 1, '软件问题单闭合', NULL, NULL, '建项', 12, '2019-06-21 02:06:23', '2019-06-21 02:06:23'),
(59, 5, 1, '报告评审', NULL, NULL, '建项', 13, '2019-06-21 02:06:23', '2019-06-21 02:06:23'),
(60, 5, 1, '入库归档状态', NULL, NULL, '建项', 14, '2019-06-21 02:06:23', '2019-06-21 02:06:23'),
(61, 6, 1, '建项', NULL, NULL, '建项', 0, '2019-06-21 02:07:22', '2019-06-21 02:07:22'),
(62, 6, 1, '被测软件接受', NULL, NULL, '测试执行', 1, '2019-06-21 02:07:22', '2019-06-21 02:07:22'),
(63, 6, 1, '静态问题提交', NULL, NULL, '报告', 2, '2019-06-21 02:07:22', '2019-06-21 02:07:22'),
(64, 6, 1, '测试环境就绪情况', NULL, NULL, '建项', 3, '2019-06-21 02:07:22', '2019-06-21 02:07:22'),
(65, 6, 1, '测试工作产品编写', NULL, NULL, '建项', 4, '2019-06-21 02:07:22', '2019-06-21 02:07:22'),
(66, 6, 1, '入库归档状态', NULL, NULL, '建项', 5, '2019-06-21 02:07:22', '2019-06-21 02:07:22'),
(67, 6, 1, '测试工作产品内部评审', NULL, NULL, '建项', 6, '2019-06-21 02:07:22', '2019-06-21 02:07:22'),
(68, 6, 1, '评审问题闭合', NULL, NULL, '建项', 7, '2019-06-21 02:07:22', '2019-06-21 02:07:22'),
(69, 6, 1, '需求(大纲)正式评审', NULL, NULL, '建项', 8, '2019-06-21 02:07:22', '2019-06-21 02:07:22'),
(70, 6, 1, '评审问题闭合', NULL, NULL, '建项', 9, '2019-06-21 02:07:22', '2019-06-21 02:07:22'),
(71, 6, 1, '入库归档状态', NULL, NULL, '建项', 10, '2019-06-21 02:07:22', '2019-06-21 02:07:22'),
(72, 6, 1, '首轮测试', NULL, NULL, '建项', 11, '2019-06-21 02:07:22', '2019-06-21 02:07:22'),
(73, 6, 1, '软件问题单闭合', NULL, NULL, '建项', 12, '2019-06-21 02:07:22', '2019-06-21 02:07:22'),
(74, 6, 1, '报告评审', NULL, NULL, '建项', 13, '2019-06-21 02:07:22', '2019-06-21 02:07:22'),
(75, 6, 1, '入库归档状态', NULL, NULL, '建项', 14, '2019-06-21 02:07:22', '2019-06-21 02:07:22'),
(76, 7, 1, '建项', NULL, NULL, '建项', 0, '2019-06-21 02:10:39', '2019-06-21 02:10:39'),
(77, 7, 1, '被测软件接受', NULL, NULL, '测试执行', 1, '2019-06-21 02:10:39', '2019-06-21 02:10:39'),
(78, 7, 1, '静态问题提交', NULL, NULL, '报告', 2, '2019-06-21 02:10:39', '2019-06-21 02:10:39'),
(79, 7, 1, '测试环境就绪情况', NULL, NULL, '建项', 3, '2019-06-21 02:10:39', '2019-06-21 02:10:39'),
(80, 7, 1, '测试工作产品编写', NULL, NULL, '建项', 4, '2019-06-21 02:10:39', '2019-06-21 02:10:39'),
(81, 7, 1, '入库归档状态', NULL, NULL, '建项', 5, '2019-06-21 02:10:39', '2019-06-21 02:10:39'),
(82, 7, 1, '测试工作产品内部评审', NULL, NULL, '建项', 6, '2019-06-21 02:10:39', '2019-06-21 02:10:39'),
(83, 7, 1, '评审问题闭合', NULL, NULL, '建项', 7, '2019-06-21 02:10:39', '2019-06-21 02:10:39'),
(84, 7, 1, '需求(大纲)正式评审', NULL, NULL, '建项', 8, '2019-06-21 02:10:39', '2019-06-21 02:10:39'),
(85, 7, 1, '评审问题闭合', NULL, NULL, '建项', 9, '2019-06-21 02:10:39', '2019-06-21 02:10:39'),
(86, 7, 1, '入库归档状态', NULL, NULL, '建项', 10, '2019-06-21 02:10:39', '2019-06-21 02:10:39'),
(87, 7, 1, '首轮测试', NULL, NULL, '建项', 11, '2019-06-21 02:10:39', '2019-06-21 02:10:39'),
(88, 7, 1, '软件问题单闭合', NULL, NULL, '建项', 12, '2019-06-21 02:10:39', '2019-06-21 02:10:39'),
(89, 7, 1, '报告评审', NULL, NULL, '建项', 13, '2019-06-21 02:10:39', '2019-06-21 02:10:39'),
(90, 7, 1, '入库归档状态', NULL, NULL, '建项', 14, '2019-06-21 02:10:39', '2019-06-21 02:10:39'),
(91, 8, 1, '建项', NULL, NULL, '建项', 0, '2019-06-21 02:29:00', '2019-06-21 02:29:00'),
(92, 8, 1, '被测软件接受', NULL, NULL, '测试执行', 1, '2019-06-21 02:29:00', '2019-06-21 02:29:00'),
(93, 8, 1, '静态问题提交', NULL, NULL, '报告', 2, '2019-06-21 02:29:00', '2019-06-21 02:29:00'),
(94, 8, 1, '测试环境就绪情况', NULL, NULL, '建项', 3, '2019-06-21 02:29:00', '2019-06-21 02:29:00'),
(95, 8, 1, '测试工作产品编写', NULL, NULL, '建项', 4, '2019-06-21 02:29:00', '2019-06-21 02:29:00'),
(96, 8, 1, '入库归档状态', NULL, NULL, '建项', 5, '2019-06-21 02:29:00', '2019-06-21 02:29:00'),
(97, 8, 1, '测试工作产品内部评审', NULL, NULL, '建项', 6, '2019-06-21 02:29:00', '2019-06-21 02:29:00'),
(98, 8, 1, '评审问题闭合', NULL, NULL, '建项', 7, '2019-06-21 02:29:00', '2019-06-21 02:29:00'),
(99, 8, 1, '需求(大纲)正式评审', NULL, NULL, '建项', 8, '2019-06-21 02:29:00', '2019-06-21 02:29:00'),
(100, 8, 1, '评审问题闭合', NULL, NULL, '建项', 9, '2019-06-21 02:29:00', '2019-06-21 02:29:00'),
(101, 8, 1, '入库归档状态', NULL, NULL, '建项', 10, '2019-06-21 02:29:00', '2019-06-21 02:29:00'),
(102, 8, 1, '首轮测试', NULL, NULL, '建项', 11, '2019-06-21 02:29:00', '2019-06-21 02:29:00'),
(103, 8, 1, '软件问题单闭合', NULL, NULL, '建项', 12, '2019-06-21 02:29:00', '2019-06-21 02:29:00'),
(104, 8, 1, '报告评审', NULL, NULL, '建项', 13, '2019-06-21 02:29:00', '2019-06-21 02:29:00'),
(105, 8, 1, '入库归档状态', NULL, NULL, '建项', 14, '2019-06-21 02:29:00', '2019-06-21 02:29:00'),
(106, 9, 1, '建项', NULL, NULL, '建项', 0, '2019-06-21 02:29:55', '2019-06-21 02:29:55'),
(107, 9, 1, '被测软件接受', NULL, NULL, '测试执行', 1, '2019-06-21 02:29:55', '2019-06-21 02:29:55'),
(108, 9, 1, '静态问题提交', NULL, NULL, '报告', 2, '2019-06-21 02:29:55', '2019-06-21 02:29:55'),
(109, 9, 1, '测试环境就绪情况', NULL, NULL, '建项', 3, '2019-06-21 02:29:55', '2019-06-21 02:29:55'),
(110, 9, 1, '测试工作产品编写', NULL, NULL, '建项', 4, '2019-06-21 02:29:55', '2019-06-21 02:29:55'),
(111, 9, 1, '入库归档状态', NULL, NULL, '建项', 5, '2019-06-21 02:29:55', '2019-06-21 02:29:55'),
(112, 9, 1, '测试工作产品内部评审', NULL, NULL, '建项', 6, '2019-06-21 02:29:55', '2019-06-21 02:29:55'),
(113, 9, 1, '评审问题闭合', NULL, NULL, '建项', 7, '2019-06-21 02:29:55', '2019-06-21 02:29:55'),
(114, 9, 1, '需求(大纲)正式评审', NULL, NULL, '建项', 8, '2019-06-21 02:29:55', '2019-06-21 02:29:55'),
(115, 9, 1, '评审问题闭合', NULL, NULL, '建项', 9, '2019-06-21 02:29:55', '2019-06-21 02:29:55'),
(116, 9, 1, '入库归档状态', NULL, NULL, '建项', 10, '2019-06-21 02:29:55', '2019-06-21 02:29:55'),
(117, 9, 1, '首轮测试', NULL, NULL, '建项', 11, '2019-06-21 02:29:55', '2019-06-21 02:29:55'),
(118, 9, 1, '软件问题单闭合', NULL, NULL, '建项', 12, '2019-06-21 02:29:55', '2019-06-21 02:29:55'),
(119, 9, 1, '报告评审', NULL, NULL, '建项', 13, '2019-06-21 02:29:55', '2019-06-21 02:29:55'),
(120, 9, 1, '入库归档状态', NULL, NULL, '建项', 14, '2019-06-21 02:29:55', '2019-06-21 02:29:55'),
(121, 10, 1, '建项', NULL, NULL, '建项', 0, '2019-06-21 02:30:29', '2019-06-21 02:30:29'),
(122, 10, 1, '被测软件接受', NULL, NULL, '测试执行', 1, '2019-06-21 02:30:29', '2019-06-21 02:30:29'),
(123, 10, 1, '静态问题提交', NULL, NULL, '报告', 2, '2019-06-21 02:30:29', '2019-06-21 02:30:29'),
(124, 10, 1, '测试环境就绪情况', NULL, NULL, '建项', 3, '2019-06-21 02:30:29', '2019-06-21 02:30:29'),
(125, 10, 1, '测试工作产品编写', NULL, NULL, '建项', 4, '2019-06-21 02:30:29', '2019-06-21 02:30:29'),
(126, 10, 1, '入库归档状态', NULL, NULL, '建项', 5, '2019-06-21 02:30:29', '2019-06-21 02:30:29'),
(127, 10, 1, '测试工作产品内部评审', NULL, NULL, '建项', 6, '2019-06-21 02:30:29', '2019-06-21 02:30:29'),
(128, 10, 1, '评审问题闭合', NULL, NULL, '建项', 7, '2019-06-21 02:30:29', '2019-06-21 02:30:29'),
(129, 10, 1, '需求(大纲)正式评审', NULL, NULL, '建项', 8, '2019-06-21 02:30:29', '2019-06-21 02:30:29'),
(130, 10, 1, '评审问题闭合', NULL, NULL, '建项', 9, '2019-06-21 02:30:29', '2019-06-21 02:30:29'),
(131, 10, 1, '入库归档状态', NULL, NULL, '建项', 10, '2019-06-21 02:30:29', '2019-06-21 02:30:29'),
(132, 10, 1, '首轮测试', NULL, NULL, '建项', 11, '2019-06-21 02:30:29', '2019-06-21 02:30:29'),
(133, 10, 1, '软件问题单闭合', NULL, NULL, '建项', 12, '2019-06-21 02:30:29', '2019-06-21 02:30:29'),
(134, 10, 1, '报告评审', NULL, NULL, '建项', 13, '2019-06-21 02:30:29', '2019-06-21 02:30:29'),
(135, 10, 1, '入库归档状态', NULL, NULL, '建项', 14, '2019-06-21 02:30:29', '2019-06-21 02:30:29'),
(136, 11, 1, '建项', NULL, NULL, '建项', 0, '2019-06-21 02:30:58', '2019-06-21 02:30:58'),
(137, 11, 1, '被测软件接受', NULL, NULL, '测试执行', 1, '2019-06-21 02:30:58', '2019-06-21 02:30:58'),
(138, 11, 1, '静态问题提交', NULL, NULL, '报告', 2, '2019-06-21 02:30:58', '2019-06-21 02:30:58'),
(139, 11, 1, '测试环境就绪情况', NULL, NULL, '建项', 3, '2019-06-21 02:30:58', '2019-06-21 02:30:58'),
(140, 11, 1, '测试工作产品编写', NULL, NULL, '建项', 4, '2019-06-21 02:30:58', '2019-06-21 02:30:58'),
(141, 11, 1, '入库归档状态', NULL, NULL, '建项', 5, '2019-06-21 02:30:58', '2019-06-21 02:30:58'),
(142, 11, 1, '测试工作产品内部评审', NULL, NULL, '建项', 6, '2019-06-21 02:30:58', '2019-06-21 02:30:58'),
(143, 11, 1, '评审问题闭合', NULL, NULL, '建项', 7, '2019-06-21 02:30:58', '2019-06-21 02:30:58'),
(144, 11, 1, '需求(大纲)正式评审', NULL, NULL, '建项', 8, '2019-06-21 02:30:58', '2019-06-21 02:30:58'),
(145, 11, 1, '评审问题闭合', NULL, NULL, '建项', 9, '2019-06-21 02:30:58', '2019-06-21 02:30:58'),
(146, 11, 1, '入库归档状态', NULL, NULL, '建项', 10, '2019-06-21 02:30:58', '2019-06-21 02:30:58'),
(147, 11, 1, '首轮测试', NULL, NULL, '建项', 11, '2019-06-21 02:30:58', '2019-06-21 02:30:58'),
(148, 11, 1, '软件问题单闭合', NULL, NULL, '建项', 12, '2019-06-21 02:30:58', '2019-06-21 02:30:58'),
(149, 11, 1, '报告评审', NULL, NULL, '建项', 13, '2019-06-21 02:30:58', '2019-06-21 02:30:58'),
(150, 11, 1, '入库归档状态', NULL, NULL, '建项', 14, '2019-06-21 02:30:58', '2019-06-21 02:30:58'),
(151, 12, 1, '建项', NULL, NULL, '建项', 0, '2019-06-21 02:31:42', '2019-06-21 02:31:42'),
(152, 12, 1, '被测软件接受', NULL, NULL, '测试执行', 1, '2019-06-21 02:31:42', '2019-06-21 02:31:42'),
(153, 12, 1, '静态问题提交', NULL, NULL, '报告', 2, '2019-06-21 02:31:42', '2019-06-21 02:31:42'),
(154, 12, 1, '测试环境就绪情况', NULL, NULL, '建项', 3, '2019-06-21 02:31:42', '2019-06-21 02:31:42'),
(155, 12, 1, '测试工作产品编写', NULL, NULL, '建项', 4, '2019-06-21 02:31:42', '2019-06-21 02:31:42'),
(156, 12, 1, '入库归档状态', NULL, NULL, '建项', 5, '2019-06-21 02:31:42', '2019-06-21 02:31:42'),
(157, 12, 1, '测试工作产品内部评审', NULL, NULL, '建项', 6, '2019-06-21 02:31:42', '2019-06-21 02:31:42'),
(158, 12, 1, '评审问题闭合', NULL, NULL, '建项', 7, '2019-06-21 02:31:42', '2019-06-21 02:31:42'),
(159, 12, 1, '需求(大纲)正式评审', NULL, NULL, '建项', 8, '2019-06-21 02:31:42', '2019-06-21 02:31:42'),
(160, 12, 1, '评审问题闭合', NULL, NULL, '建项', 9, '2019-06-21 02:31:42', '2019-06-21 02:31:42'),
(161, 12, 1, '入库归档状态', NULL, NULL, '建项', 10, '2019-06-21 02:31:42', '2019-06-21 02:31:42'),
(162, 12, 1, '首轮测试', NULL, NULL, '建项', 11, '2019-06-21 02:31:42', '2019-06-21 02:31:42'),
(163, 12, 1, '软件问题单闭合', NULL, NULL, '建项', 12, '2019-06-21 02:31:42', '2019-06-21 02:31:42'),
(164, 12, 1, '报告评审', NULL, NULL, '建项', 13, '2019-06-21 02:31:42', '2019-06-21 02:31:42'),
(165, 12, 1, '入库归档状态', NULL, NULL, '建项', 14, '2019-06-21 02:31:42', '2019-06-21 02:31:42'),
(166, 13, 1, '建项', NULL, NULL, '建项', 0, '2019-06-21 02:33:35', '2019-06-21 02:33:35'),
(167, 13, 1, '被测软件接受', NULL, NULL, '测试执行', 1, '2019-06-21 02:33:35', '2019-06-21 02:33:35'),
(168, 13, 1, '静态问题提交', NULL, NULL, '报告', 2, '2019-06-21 02:33:35', '2019-06-21 02:33:35'),
(169, 13, 1, '测试环境就绪情况', NULL, NULL, '建项', 3, '2019-06-21 02:33:35', '2019-06-21 02:33:35'),
(170, 13, 1, '测试工作产品编写', NULL, NULL, '建项', 4, '2019-06-21 02:33:35', '2019-06-21 02:33:35'),
(171, 13, 1, '入库归档状态', NULL, NULL, '建项', 5, '2019-06-21 02:33:35', '2019-06-21 02:33:35'),
(172, 13, 1, '测试工作产品内部评审', NULL, NULL, '建项', 6, '2019-06-21 02:33:35', '2019-06-21 02:33:35'),
(173, 13, 1, '评审问题闭合', NULL, NULL, '建项', 7, '2019-06-21 02:33:35', '2019-06-21 02:33:35'),
(174, 13, 1, '需求(大纲)正式评审', NULL, NULL, '建项', 8, '2019-06-21 02:33:35', '2019-06-21 02:33:35'),
(175, 13, 1, '评审问题闭合', NULL, NULL, '建项', 9, '2019-06-21 02:33:35', '2019-06-21 02:33:35'),
(176, 13, 1, '入库归档状态', NULL, NULL, '建项', 10, '2019-06-21 02:33:35', '2019-06-21 02:33:35'),
(177, 13, 1, '首轮测试', NULL, NULL, '建项', 11, '2019-06-21 02:33:35', '2019-06-21 02:33:35'),
(178, 13, 1, '软件问题单闭合', NULL, NULL, '建项', 12, '2019-06-21 02:33:35', '2019-06-21 02:33:35'),
(179, 13, 1, '报告评审', NULL, NULL, '建项', 13, '2019-06-21 02:33:35', '2019-06-21 02:33:35'),
(180, 13, 1, '入库归档状态', NULL, NULL, '建项', 14, '2019-06-21 02:33:35', '2019-06-21 02:33:35'),
(181, 14, 1, '建项', NULL, NULL, '建项', 0, '2019-06-21 02:34:49', '2019-06-21 02:34:49'),
(182, 14, 1, '被测软件接受', NULL, NULL, '测试执行', 1, '2019-06-21 02:34:49', '2019-06-21 02:34:49'),
(183, 14, 1, '静态问题提交', NULL, NULL, '报告', 2, '2019-06-21 02:34:49', '2019-06-21 02:34:49'),
(184, 14, 1, '测试环境就绪情况', NULL, NULL, '建项', 3, '2019-06-21 02:34:49', '2019-06-21 02:34:49'),
(185, 14, 1, '测试工作产品编写', NULL, NULL, '建项', 4, '2019-06-21 02:34:49', '2019-06-21 02:34:49'),
(186, 14, 1, '入库归档状态', NULL, NULL, '建项', 5, '2019-06-21 02:34:49', '2019-06-21 02:34:49'),
(187, 14, 1, '测试工作产品内部评审', NULL, NULL, '建项', 6, '2019-06-21 02:34:49', '2019-06-21 02:34:49'),
(188, 14, 1, '评审问题闭合', NULL, NULL, '建项', 7, '2019-06-21 02:34:49', '2019-06-21 02:34:49'),
(189, 14, 1, '需求(大纲)正式评审', NULL, NULL, '建项', 8, '2019-06-21 02:34:49', '2019-06-21 02:34:49'),
(190, 14, 1, '评审问题闭合', NULL, NULL, '建项', 9, '2019-06-21 02:34:49', '2019-06-21 02:34:49'),
(191, 14, 1, '入库归档状态', NULL, NULL, '建项', 10, '2019-06-21 02:34:49', '2019-06-21 02:34:49'),
(192, 14, 1, '首轮测试', NULL, NULL, '建项', 11, '2019-06-21 02:34:49', '2019-06-21 02:34:49'),
(193, 14, 1, '软件问题单闭合', NULL, NULL, '建项', 12, '2019-06-21 02:34:49', '2019-06-21 02:34:49'),
(194, 14, 1, '报告评审', NULL, NULL, '建项', 13, '2019-06-21 02:34:49', '2019-06-21 02:34:49'),
(195, 14, 1, '入库归档状态', NULL, NULL, '建项', 14, '2019-06-21 02:34:49', '2019-06-21 02:34:49'),
(196, 15, 1, '建项', NULL, NULL, '建项', 0, '2019-06-21 03:10:36', '2019-06-21 03:10:36'),
(197, 15, 1, '被测软件接受', NULL, NULL, '测试执行', 1, '2019-06-21 03:10:36', '2019-06-21 03:10:36'),
(198, 15, 1, '静态问题提交', NULL, NULL, '报告', 2, '2019-06-21 03:10:36', '2019-06-21 03:10:36'),
(199, 15, 1, '测试环境就绪情况', NULL, NULL, '建项', 3, '2019-06-21 03:10:36', '2019-06-21 03:10:36'),
(200, 15, 1, '测试工作产品编写', NULL, NULL, '建项', 4, '2019-06-21 03:10:36', '2019-06-21 03:10:36'),
(201, 15, 1, '入库归档状态', NULL, NULL, '建项', 5, '2019-06-21 03:10:36', '2019-06-21 03:10:36'),
(202, 15, 1, '测试工作产品内部评审', NULL, NULL, '建项', 6, '2019-06-21 03:10:36', '2019-06-21 03:10:36'),
(203, 15, 1, '评审问题闭合', NULL, NULL, '建项', 7, '2019-06-21 03:10:36', '2019-06-21 03:10:36'),
(204, 15, 1, '需求(大纲)正式评审', NULL, NULL, '建项', 8, '2019-06-21 03:10:36', '2019-06-21 03:10:36'),
(205, 15, 1, '评审问题闭合', NULL, NULL, '建项', 9, '2019-06-21 03:10:36', '2019-06-21 03:10:36'),
(206, 15, 1, '入库归档状态', NULL, NULL, '建项', 10, '2019-06-21 03:10:36', '2019-06-21 03:10:36'),
(207, 15, 1, '首轮测试', NULL, NULL, '建项', 11, '2019-06-21 03:10:36', '2019-06-21 03:10:36'),
(208, 15, 1, '软件问题单闭合', NULL, NULL, '建项', 12, '2019-06-21 03:10:36', '2019-06-21 03:10:36'),
(209, 15, 1, '报告评审', NULL, NULL, '建项', 13, '2019-06-21 03:10:36', '2019-06-21 03:10:36'),
(210, 15, 1, '入库归档状态', NULL, NULL, '建项', 14, '2019-06-21 03:10:36', '2019-06-21 03:10:36'),
(211, 16, 1, '建项', NULL, NULL, '建项', 0, '2019-06-21 03:11:27', '2019-06-21 03:11:27'),
(212, 16, 1, '被测软件接受', NULL, NULL, '测试执行', 1, '2019-06-21 03:11:27', '2019-06-21 03:11:27'),
(213, 16, 1, '静态问题提交', NULL, NULL, '报告', 2, '2019-06-21 03:11:27', '2019-06-21 03:11:27'),
(214, 16, 1, '测试环境就绪情况', NULL, NULL, '建项', 3, '2019-06-21 03:11:27', '2019-06-21 03:11:27'),
(215, 16, 1, '测试工作产品编写', NULL, NULL, '建项', 4, '2019-06-21 03:11:27', '2019-06-21 03:11:27'),
(216, 16, 1, '入库归档状态', NULL, NULL, '建项', 5, '2019-06-21 03:11:27', '2019-06-21 03:11:27'),
(217, 16, 1, '测试工作产品内部评审', NULL, NULL, '建项', 6, '2019-06-21 03:11:27', '2019-06-21 03:11:27'),
(218, 16, 1, '评审问题闭合', NULL, NULL, '建项', 7, '2019-06-21 03:11:27', '2019-06-21 03:11:27'),
(219, 16, 1, '需求(大纲)正式评审', NULL, NULL, '建项', 8, '2019-06-21 03:11:27', '2019-06-21 03:11:27'),
(220, 16, 1, '评审问题闭合', NULL, NULL, '建项', 9, '2019-06-21 03:11:27', '2019-06-21 03:11:27'),
(221, 16, 1, '入库归档状态', NULL, NULL, '建项', 10, '2019-06-21 03:11:27', '2019-06-21 03:11:27'),
(222, 16, 1, '首轮测试', NULL, NULL, '建项', 11, '2019-06-21 03:11:27', '2019-06-21 03:11:27'),
(223, 16, 1, '软件问题单闭合', NULL, NULL, '建项', 12, '2019-06-21 03:11:28', '2019-06-21 03:11:28'),
(224, 16, 1, '报告评审', NULL, NULL, '建项', 13, '2019-06-21 03:11:28', '2019-06-21 03:11:28'),
(225, 16, 1, '入库归档状态', NULL, NULL, '建项', 14, '2019-06-21 03:11:28', '2019-06-21 03:11:28'),
(226, 17, 1, '建项', NULL, NULL, '建项', 0, '2019-06-21 03:14:19', '2019-06-21 03:14:19'),
(227, 17, 1, '被测软件接受', NULL, NULL, '测试执行', 1, '2019-06-21 03:14:19', '2019-06-21 03:14:19'),
(228, 17, 1, '静态问题提交', NULL, NULL, '报告', 2, '2019-06-21 03:14:19', '2019-06-21 03:14:19'),
(229, 17, 1, '测试环境就绪情况', NULL, NULL, '建项', 3, '2019-06-21 03:14:19', '2019-06-21 03:14:19'),
(230, 17, 1, '测试工作产品编写', NULL, NULL, '建项', 4, '2019-06-21 03:14:19', '2019-06-21 03:14:19'),
(231, 17, 1, '入库归档状态', NULL, NULL, '建项', 5, '2019-06-21 03:14:19', '2019-06-21 03:14:19'),
(232, 17, 1, '测试工作产品内部评审', NULL, NULL, '建项', 6, '2019-06-21 03:14:19', '2019-06-21 03:14:19'),
(233, 17, 1, '评审问题闭合', NULL, NULL, '建项', 7, '2019-06-21 03:14:19', '2019-06-21 03:14:19'),
(234, 17, 1, '需求(大纲)正式评审', NULL, NULL, '建项', 8, '2019-06-21 03:14:19', '2019-06-21 03:14:19'),
(235, 17, 1, '评审问题闭合', NULL, NULL, '建项', 9, '2019-06-21 03:14:19', '2019-06-21 03:14:19'),
(236, 17, 1, '入库归档状态', NULL, NULL, '建项', 10, '2019-06-21 03:14:19', '2019-06-21 03:14:19'),
(237, 17, 1, '首轮测试', NULL, NULL, '建项', 11, '2019-06-21 03:14:19', '2019-06-21 03:14:19'),
(238, 17, 1, '软件问题单闭合', NULL, NULL, '建项', 12, '2019-06-21 03:14:19', '2019-06-21 03:14:19'),
(239, 17, 1, '报告评审', NULL, NULL, '建项', 13, '2019-06-21 03:14:19', '2019-06-21 03:14:19'),
(240, 17, 1, '入库归档状态', NULL, NULL, '建项', 14, '2019-06-21 03:14:19', '2019-06-21 03:14:19'),
(241, 18, 1, '建项', NULL, NULL, '建项', 0, '2019-06-21 05:21:30', '2019-06-21 05:21:30'),
(242, 18, 1, '被测软件接受', NULL, NULL, '测试执行', 1, '2019-06-21 05:21:30', '2019-06-21 05:21:30'),
(243, 18, 1, '静态问题提交', NULL, NULL, '报告', 2, '2019-06-21 05:21:30', '2019-06-21 05:21:30'),
(244, 18, 1, '测试环境就绪情况', NULL, NULL, '建项', 3, '2019-06-21 05:21:30', '2019-06-21 05:21:30'),
(245, 18, 1, '测试工作产品编写', NULL, NULL, '建项', 4, '2019-06-21 05:21:30', '2019-06-21 05:21:30'),
(246, 18, 1, '入库归档状态', NULL, NULL, '建项', 5, '2019-06-21 05:21:30', '2019-06-21 05:21:30'),
(247, 18, 1, '测试工作产品内部评审', NULL, NULL, '建项', 6, '2019-06-21 05:21:30', '2019-06-21 05:21:30'),
(248, 18, 1, '评审问题闭合', NULL, NULL, '建项', 7, '2019-06-21 05:21:30', '2019-06-21 05:21:30'),
(249, 18, 1, '需求(大纲)正式评审', NULL, NULL, '建项', 8, '2019-06-21 05:21:30', '2019-06-21 05:21:30'),
(250, 18, 1, '评审问题闭合', NULL, NULL, '建项', 9, '2019-06-21 05:21:30', '2019-06-21 05:21:30'),
(251, 18, 1, '入库归档状态', NULL, NULL, '建项', 10, '2019-06-21 05:21:30', '2019-06-21 05:21:30'),
(252, 18, 1, '首轮测试', NULL, NULL, '建项', 11, '2019-06-21 05:21:30', '2019-06-21 05:21:30'),
(253, 18, 1, '软件问题单闭合', NULL, NULL, '建项', 12, '2019-06-21 05:21:30', '2019-06-21 05:21:30'),
(254, 18, 1, '报告评审', NULL, NULL, '建项', 13, '2019-06-21 05:21:30', '2019-06-21 05:21:30'),
(255, 18, 1, '入库归档状态', NULL, NULL, '建项', 14, '2019-06-21 05:21:30', '2019-06-21 05:21:30'),
(256, 19, 1, '建项', NULL, NULL, '建项', 0, '2019-06-21 05:22:04', '2019-06-21 05:22:04'),
(257, 19, 1, '被测软件接受', NULL, NULL, '测试执行', 1, '2019-06-21 05:22:04', '2019-06-21 05:22:04'),
(258, 19, 1, '静态问题提交', NULL, NULL, '报告', 2, '2019-06-21 05:22:04', '2019-06-21 05:22:04'),
(259, 19, 1, '测试环境就绪情况', NULL, NULL, '建项', 3, '2019-06-21 05:22:04', '2019-06-21 05:22:04'),
(260, 19, 1, '测试工作产品编写', NULL, NULL, '建项', 4, '2019-06-21 05:22:04', '2019-06-21 05:22:04'),
(261, 19, 1, '入库归档状态', NULL, NULL, '建项', 5, '2019-06-21 05:22:04', '2019-06-21 05:22:04'),
(262, 19, 1, '测试工作产品内部评审', NULL, NULL, '建项', 6, '2019-06-21 05:22:04', '2019-06-21 05:22:04'),
(263, 19, 1, '评审问题闭合', NULL, NULL, '建项', 7, '2019-06-21 05:22:04', '2019-06-21 05:22:04'),
(264, 19, 1, '需求(大纲)正式评审', NULL, NULL, '建项', 8, '2019-06-21 05:22:04', '2019-06-21 05:22:04'),
(265, 19, 1, '评审问题闭合', NULL, NULL, '建项', 9, '2019-06-21 05:22:04', '2019-06-21 05:22:04'),
(266, 19, 1, '入库归档状态', NULL, NULL, '建项', 10, '2019-06-21 05:22:04', '2019-06-21 05:22:04'),
(267, 19, 1, '首轮测试', NULL, NULL, '建项', 11, '2019-06-21 05:22:04', '2019-06-21 05:22:04'),
(268, 19, 1, '软件问题单闭合', NULL, NULL, '建项', 12, '2019-06-21 05:22:04', '2019-06-21 05:22:04'),
(269, 19, 1, '报告评审', NULL, NULL, '建项', 13, '2019-06-21 05:22:04', '2019-06-21 05:22:04'),
(270, 19, 1, '入库归档状态', NULL, NULL, '建项', 14, '2019-06-21 05:22:04', '2019-06-21 05:22:04'),
(271, 20, 1, '建项', NULL, NULL, '建项', 0, '2019-06-21 05:23:08', '2019-06-21 05:23:08'),
(272, 20, 1, '被测软件接受', NULL, NULL, '测试执行', 1, '2019-06-21 05:23:08', '2019-06-21 05:23:08'),
(273, 20, 1, '静态问题提交', NULL, NULL, '报告', 2, '2019-06-21 05:23:08', '2019-06-21 05:23:08'),
(274, 20, 1, '测试环境就绪情况', NULL, NULL, '建项', 3, '2019-06-21 05:23:08', '2019-06-21 05:23:08'),
(275, 20, 1, '测试工作产品编写', NULL, NULL, '建项', 4, '2019-06-21 05:23:08', '2019-06-21 05:23:08'),
(276, 20, 1, '入库归档状态', NULL, NULL, '建项', 5, '2019-06-21 05:23:08', '2019-06-21 05:23:08'),
(277, 20, 1, '测试工作产品内部评审', NULL, NULL, '建项', 6, '2019-06-21 05:23:08', '2019-06-21 05:23:08'),
(278, 20, 1, '评审问题闭合', NULL, NULL, '建项', 7, '2019-06-21 05:23:08', '2019-06-21 05:23:08'),
(279, 20, 1, '需求(大纲)正式评审', NULL, NULL, '建项', 8, '2019-06-21 05:23:08', '2019-06-21 05:23:08'),
(280, 20, 1, '评审问题闭合', NULL, NULL, '建项', 9, '2019-06-21 05:23:08', '2019-06-21 05:23:08'),
(281, 20, 1, '入库归档状态', NULL, NULL, '建项', 10, '2019-06-21 05:23:08', '2019-06-21 05:23:08'),
(282, 20, 1, '首轮测试', NULL, NULL, '建项', 11, '2019-06-21 05:23:08', '2019-06-21 05:23:08'),
(283, 20, 1, '软件问题单闭合', NULL, NULL, '建项', 12, '2019-06-21 05:23:08', '2019-06-21 05:23:08'),
(284, 20, 1, '报告评审', NULL, NULL, '建项', 13, '2019-06-21 05:23:08', '2019-06-21 05:23:08'),
(285, 20, 1, '入库归档状态', NULL, NULL, '建项', 14, '2019-06-21 05:23:08', '2019-06-21 05:23:08'),
(286, 21, 1, '建项', NULL, NULL, '建项', 0, '2019-06-21 05:35:43', '2019-06-21 05:35:43'),
(287, 21, 1, '被测软件接受', NULL, NULL, '测试执行', 1, '2019-06-21 05:35:43', '2019-06-21 05:35:43'),
(288, 21, 1, '静态问题提交', NULL, NULL, '报告', 2, '2019-06-21 05:35:43', '2019-06-21 05:35:43'),
(289, 21, 1, '测试环境就绪情况', NULL, NULL, '建项', 3, '2019-06-21 05:35:43', '2019-06-21 05:35:43'),
(290, 21, 1, '测试工作产品编写', NULL, NULL, '建项', 4, '2019-06-21 05:35:43', '2019-06-21 05:35:43'),
(291, 21, 1, '入库归档状态', NULL, NULL, '建项', 5, '2019-06-21 05:35:43', '2019-06-21 05:35:43'),
(292, 21, 1, '测试工作产品内部评审', NULL, NULL, '建项', 6, '2019-06-21 05:35:43', '2019-06-21 05:35:43'),
(293, 21, 1, '评审问题闭合', NULL, NULL, '建项', 7, '2019-06-21 05:35:43', '2019-06-21 05:35:43'),
(294, 21, 1, '需求(大纲)正式评审', NULL, NULL, '建项', 8, '2019-06-21 05:35:43', '2019-06-21 05:35:43'),
(295, 21, 1, '评审问题闭合', NULL, NULL, '建项', 9, '2019-06-21 05:35:43', '2019-06-21 05:35:43'),
(296, 21, 1, '入库归档状态', NULL, NULL, '建项', 10, '2019-06-21 05:35:43', '2019-06-21 05:35:43'),
(297, 21, 1, '首轮测试', NULL, NULL, '建项', 11, '2019-06-21 05:35:43', '2019-06-21 05:35:43'),
(298, 21, 1, '软件问题单闭合', NULL, NULL, '建项', 12, '2019-06-21 05:35:43', '2019-06-21 05:35:43'),
(299, 21, 1, '报告评审', NULL, NULL, '建项', 13, '2019-06-21 05:35:43', '2019-06-21 05:35:43'),
(300, 21, 1, '入库归档状态', NULL, NULL, '建项', 14, '2019-06-21 05:35:43', '2019-06-21 05:35:43'),
(301, 22, 1, '建项', NULL, NULL, '建项', 0, '2019-06-25 02:36:27', '2019-06-25 02:36:27'),
(302, 22, 1, '被测软件接受', NULL, NULL, '测试执行', 1, '2019-06-25 02:36:27', '2019-06-25 02:36:27'),
(303, 22, 1, '静态问题提交', NULL, NULL, '报告', 2, '2019-06-25 02:36:27', '2019-06-25 02:36:27'),
(304, 22, 1, '测试环境就绪情况', NULL, NULL, '建项', 3, '2019-06-25 02:36:27', '2019-06-25 02:36:27'),
(305, 22, 1, '测试工作产品编写', NULL, NULL, '建项', 4, '2019-06-25 02:36:27', '2019-06-25 02:36:27'),
(306, 22, 1, '入库归档状态', NULL, NULL, '建项', 5, '2019-06-25 02:36:27', '2019-06-25 02:36:27'),
(307, 22, 1, '测试工作产品内部评审', NULL, NULL, '建项', 6, '2019-06-25 02:36:27', '2019-06-25 02:36:27'),
(308, 22, 1, '评审问题闭合', NULL, NULL, '建项', 7, '2019-06-25 02:36:27', '2019-06-25 02:36:27'),
(309, 22, 1, '需求(大纲)正式评审', NULL, NULL, '建项', 8, '2019-06-25 02:36:27', '2019-06-25 02:36:27'),
(310, 22, 1, '评审问题闭合', NULL, NULL, '建项', 9, '2019-06-25 02:36:27', '2019-06-25 02:36:27'),
(311, 22, 1, '入库归档状态', NULL, NULL, '建项', 10, '2019-06-25 02:36:27', '2019-06-25 02:36:27'),
(312, 22, 1, '首轮测试', NULL, NULL, '建项', 11, '2019-06-25 02:36:27', '2019-06-25 02:36:27'),
(313, 22, 1, '软件问题单闭合', NULL, NULL, '建项', 12, '2019-06-25 02:36:27', '2019-06-25 02:36:27'),
(314, 22, 1, '报告评审', NULL, NULL, '建项', 13, '2019-06-25 02:36:27', '2019-06-25 02:36:27'),
(315, 22, 1, '入库归档状态', NULL, NULL, '建项', 14, '2019-06-25 02:36:27', '2019-06-25 02:36:27'),
(316, 23, 1, '建项', NULL, NULL, '建项', 0, '2019-07-04 02:53:13', '2019-07-04 02:53:13'),
(317, 23, 1, '被测软件接受', NULL, NULL, '测试执行', 1, '2019-07-04 02:53:13', '2019-07-04 02:53:13'),
(318, 23, 1, '静态问题提交', NULL, NULL, '报告', 2, '2019-07-04 02:53:13', '2019-07-04 02:53:13'),
(319, 23, 1, '测试环境就绪情况', NULL, NULL, '建项', 3, '2019-07-04 02:53:13', '2019-07-04 02:53:13'),
(320, 23, 1, '测试工作产品编写', NULL, NULL, '建项', 4, '2019-07-04 02:53:13', '2019-07-04 02:53:13'),
(321, 23, 1, '入库归档状态', NULL, NULL, '建项', 5, '2019-07-04 02:53:13', '2019-07-04 02:53:13'),
(322, 23, 1, '测试工作产品内部评审', NULL, NULL, '建项', 6, '2019-07-04 02:53:13', '2019-07-04 02:53:13'),
(323, 23, 1, '评审问题闭合', NULL, NULL, '建项', 7, '2019-07-04 02:53:13', '2019-07-04 02:53:13'),
(324, 23, 1, '需求(大纲)正式评审', NULL, NULL, '建项', 8, '2019-07-04 02:53:13', '2019-07-04 02:53:13'),
(325, 23, 1, '评审问题闭合', NULL, NULL, '建项', 9, '2019-07-04 02:53:13', '2019-07-04 02:53:13'),
(326, 23, 1, '入库归档状态', NULL, NULL, '建项', 10, '2019-07-04 02:53:13', '2019-07-04 02:53:13'),
(327, 23, 1, '首轮测试', NULL, NULL, '建项', 11, '2019-07-04 02:53:13', '2019-07-04 02:53:13'),
(328, 23, 1, '软件问题单闭合', NULL, NULL, '建项', 12, '2019-07-04 02:53:13', '2019-07-04 02:53:13'),
(329, 23, 1, '报告评审', NULL, NULL, '建项', 13, '2019-07-04 02:53:13', '2019-07-04 02:53:13'),
(330, 23, 1, '入库归档状态', NULL, NULL, '建项', 14, '2019-07-04 02:53:13', '2019-07-04 02:53:13'),
(331, 24, 1, '建项', NULL, NULL, '建项', 0, '2019-07-04 02:53:54', '2019-07-04 02:53:54'),
(332, 24, 1, '被测软件接受', NULL, NULL, '测试执行', 1, '2019-07-04 02:53:54', '2019-07-04 02:53:54'),
(333, 24, 1, '静态问题提交', NULL, NULL, '报告', 2, '2019-07-04 02:53:54', '2019-07-04 02:53:54'),
(334, 24, 1, '测试环境就绪情况', NULL, NULL, '建项', 3, '2019-07-04 02:53:54', '2019-07-04 02:53:54'),
(335, 24, 1, '测试工作产品编写', NULL, NULL, '建项', 4, '2019-07-04 02:53:54', '2019-07-04 02:53:54'),
(336, 24, 1, '入库归档状态', NULL, NULL, '建项', 5, '2019-07-04 02:53:54', '2019-07-04 02:53:54'),
(337, 24, 1, '测试工作产品内部评审', NULL, NULL, '建项', 6, '2019-07-04 02:53:54', '2019-07-04 02:53:54'),
(338, 24, 1, '评审问题闭合', NULL, NULL, '建项', 7, '2019-07-04 02:53:54', '2019-07-04 02:53:54'),
(339, 24, 1, '需求(大纲)正式评审', NULL, NULL, '建项', 8, '2019-07-04 02:53:54', '2019-07-04 02:53:54'),
(340, 24, 1, '评审问题闭合', NULL, NULL, '建项', 9, '2019-07-04 02:53:54', '2019-07-04 02:53:54'),
(341, 24, 1, '入库归档状态', NULL, NULL, '建项', 10, '2019-07-04 02:53:54', '2019-07-04 02:53:54'),
(342, 24, 1, '首轮测试', NULL, NULL, '建项', 11, '2019-07-04 02:53:54', '2019-07-04 02:53:54'),
(343, 24, 1, '软件问题单闭合', NULL, NULL, '建项', 12, '2019-07-04 02:53:54', '2019-07-04 02:53:54'),
(344, 24, 1, '报告评审', NULL, NULL, '建项', 13, '2019-07-04 02:53:54', '2019-07-04 02:53:54'),
(345, 24, 1, '入库归档状态', NULL, NULL, '建项', 14, '2019-07-04 02:53:54', '2019-07-04 02:53:54'),
(346, 25, 1, '建项', NULL, NULL, '建项', 0, '2019-07-16 10:41:44', '2019-07-16 10:41:44'),
(347, 25, 1, '被测软件接受', NULL, NULL, '测试执行', 1, '2019-07-16 10:41:44', '2019-07-16 10:41:44'),
(348, 25, 1, '静态问题提交', NULL, NULL, '报告', 2, '2019-07-16 10:41:44', '2019-07-16 10:41:44'),
(349, 25, 1, '测试环境就绪情况', NULL, NULL, '建项', 3, '2019-07-16 10:41:44', '2019-07-16 10:41:44'),
(350, 25, 1, '测试工作产品编写', NULL, NULL, '建项', 4, '2019-07-16 10:41:44', '2019-07-16 10:41:44'),
(351, 25, 1, '入库归档状态', NULL, NULL, '建项', 5, '2019-07-16 10:41:44', '2019-07-16 10:41:44'),
(352, 25, 1, '测试工作产品内部评审', NULL, NULL, '建项', 6, '2019-07-16 10:41:44', '2019-07-16 10:41:44'),
(353, 25, 1, '评审问题闭合', NULL, NULL, '建项', 7, '2019-07-16 10:41:44', '2019-07-16 10:41:44'),
(354, 25, 1, '需求(大纲)正式评审', NULL, NULL, '建项', 8, '2019-07-16 10:41:44', '2019-07-16 10:41:44'),
(355, 25, 1, '评审问题闭合', NULL, NULL, '建项', 9, '2019-07-16 10:41:44', '2019-07-16 10:41:44'),
(356, 25, 1, '入库归档状态', NULL, NULL, '建项', 10, '2019-07-16 10:41:44', '2019-07-16 10:41:44'),
(357, 25, 1, '首轮测试', NULL, NULL, '建项', 11, '2019-07-16 10:41:44', '2019-07-16 10:41:44'),
(358, 25, 1, '软件问题单闭合', NULL, NULL, '建项', 12, '2019-07-16 10:41:44', '2019-07-16 10:41:44'),
(359, 25, 1, '报告评审', NULL, NULL, '建项', 13, '2019-07-16 10:41:44', '2019-07-16 10:41:44'),
(360, 25, 1, '入库归档状态', NULL, NULL, '建项', 14, '2019-07-16 10:41:44', '2019-07-16 10:41:44'),
(361, 26, 1, '建项', NULL, NULL, '建项', 0, '2019-07-17 02:11:12', '2019-07-17 02:11:12'),
(362, 26, 1, '被测软件接受', NULL, NULL, '测试执行', 1, '2019-07-17 02:11:12', '2019-07-17 02:11:12'),
(363, 26, 1, '静态问题提交', NULL, NULL, '报告', 2, '2019-07-17 02:11:12', '2019-07-17 02:11:12'),
(364, 26, 1, '测试环境就绪情况', NULL, NULL, '建项', 3, '2019-07-17 02:11:12', '2019-07-17 02:11:12'),
(365, 26, 1, '测试工作产品编写', NULL, NULL, '建项', 4, '2019-07-17 02:11:12', '2019-07-17 02:11:12'),
(366, 26, 1, '入库归档状态', NULL, NULL, '建项', 5, '2019-07-17 02:11:12', '2019-07-17 02:11:12'),
(367, 26, 1, '测试工作产品内部评审', NULL, NULL, '建项', 6, '2019-07-17 02:11:12', '2019-07-17 02:11:12'),
(368, 26, 1, '评审问题闭合', NULL, NULL, '建项', 7, '2019-07-17 02:11:12', '2019-07-17 02:11:12'),
(369, 26, 1, '需求(大纲)正式评审', NULL, NULL, '建项', 8, '2019-07-17 02:11:12', '2019-07-17 02:11:12'),
(370, 26, 1, '评审问题闭合', NULL, NULL, '建项', 9, '2019-07-17 02:11:12', '2019-07-17 02:11:12'),
(371, 26, 1, '入库归档状态', NULL, NULL, '建项', 10, '2019-07-17 02:11:12', '2019-07-17 02:11:12'),
(372, 26, 1, '首轮测试', NULL, NULL, '建项', 11, '2019-07-17 02:11:12', '2019-07-17 02:11:12'),
(373, 26, 1, '软件问题单闭合', NULL, NULL, '建项', 12, '2019-07-17 02:11:12', '2019-07-17 02:11:12'),
(374, 26, 1, '报告评审', NULL, NULL, '建项', 13, '2019-07-17 02:11:12', '2019-07-17 02:11:12'),
(375, 26, 1, '入库归档状态', NULL, NULL, '建项', 14, '2019-07-17 02:11:12', '2019-07-17 02:11:12'),
(376, 27, 1, '建项', NULL, NULL, '建项', 0, '2019-07-17 11:57:26', '2019-07-17 11:57:26'),
(377, 27, 1, '被测件出库', NULL, NULL, '测试执行', 1, '2019-07-17 11:57:26', '2019-07-17 11:57:26'),
(378, 27, 1, '静态问题提交', NULL, NULL, '报告', 2, '2019-07-17 11:57:26', '2019-07-17 11:57:26'),
(379, 27, 1, '大纲/用例初版入库', NULL, NULL, '建项', 3, '2019-07-17 11:57:26', '2019-07-17 11:57:26'),
(380, 27, 1, '测试就绪', NULL, NULL, '建项', 4, '2019-07-17 11:57:26', '2019-07-17 11:57:26'),
(381, 27, 1, '首轮执行结束(提交动态问题单)', NULL, NULL, '建项', 5, '2019-07-17 11:57:26', '2019-07-17 11:57:26'),
(382, 27, 1, '回归版本入库', NULL, NULL, '建项', 6, '2019-07-17 11:57:26', '2019-07-17 11:57:26'),
(383, 27, 1, '回归测试结束(提交动态问题单)', NULL, NULL, '建项', 7, '2019-07-17 11:57:26', '2019-07-17 11:57:26'),
(384, 27, 1, '报告编写完成(问题单闭环)', NULL, NULL, '建项', 8, '2019-07-17 11:57:26', '2019-07-17 11:57:26'),
(385, 27, 1, '工作产品入库', NULL, NULL, '建项', 9, '2019-07-17 11:57:26', '2019-07-17 11:57:26');

-- --------------------------------------------------------

--
-- Table structure for table `node_note`
--

CREATE TABLE `node_note` (
  `id` int(10) UNSIGNED NOT NULL,
  `employee_id` int(11) NOT NULL,
  `node_id` int(11) NOT NULL,
  `note` varchar(255) COLLATE utf8_unicode_ci NOT NULL,
  `state` varchar(255) COLLATE utf8_unicode_ci NOT NULL,
  `is_up` varchar(255) COLLATE utf8_unicode_ci NOT NULL,
  `done_day` timestamp NOT NULL DEFAULT CURRENT_TIMESTAMP,
  `created_at` timestamp NOT NULL DEFAULT '0000-00-00 00:00:00',
  `updated_at` timestamp NOT NULL DEFAULT '0000-00-00 00:00:00'
) ENGINE=InnoDB DEFAULT CHARSET=utf8 COLLATE=utf8_unicode_ci;

--
-- Dumping data for table `node_note`
--

INSERT INTO `node_note` (`id`, `employee_id`, `node_id`, `note`, `state`, `is_up`, `done_day`, `created_at`, `updated_at`) VALUES
(1, 2, 16, '', '待解决', '否', '2019-04-11 02:37:11', '2019-04-11 02:37:10', '2019-04-11 02:37:10'),
(2, 2, 16, '', '待解决', '否', '2019-04-11 02:37:13', '2019-04-11 02:37:13', '2019-04-11 02:37:13'),
(3, 1, 3, '123', '待解决', '是', '2019-04-15 07:50:09', '2019-04-15 07:50:09', '2019-04-15 07:50:23'),
(4, 1, 7, 'df', '待解决', '否', '2019-06-03 06:49:38', '2019-06-03 06:49:38', '2019-06-03 06:49:38'),
(5, 15, 364, '123', '待解决', '否', '2019-07-17 06:25:27', '2019-07-17 06:25:27', '2019-07-17 06:25:27'),
(6, 15, 365, '', '已解决', '是', '2019-07-17 07:05:53', '2019-07-17 07:05:53', '2019-07-17 07:07:13');

-- --------------------------------------------------------

--
-- Table structure for table `no_test_work`
--

CREATE TABLE `no_test_work` (
  `id` int(10) UNSIGNED NOT NULL,
  `employee_id` int(11) NOT NULL,
  `date` timestamp NOT NULL DEFAULT '0000-00-00 00:00:00',
  `range_start` varchar(255) COLLATE utf8_unicode_ci NOT NULL,
  `range_end` varchar(255) COLLATE utf8_unicode_ci NOT NULL,
  `type` varchar(255) COLLATE utf8_unicode_ci NOT NULL,
  `note` varchar(255) COLLATE utf8_unicode_ci NOT NULL,
  `assist_name` varchar(255) COLLATE utf8_unicode_ci NOT NULL,
  `output` varchar(255) COLLATE utf8_unicode_ci NOT NULL,
  `created_at` timestamp NOT NULL DEFAULT '0000-00-00 00:00:00',
  `updated_at` timestamp NOT NULL DEFAULT '0000-00-00 00:00:00'
) ENGINE=InnoDB DEFAULT CHARSET=utf8 COLLATE=utf8_unicode_ci;

--
-- Dumping data for table `no_test_work`
--

INSERT INTO `no_test_work` (`id`, `employee_id`, `date`, `range_start`, `range_end`, `type`, `note`, `assist_name`, `output`, `created_at`, `updated_at`) VALUES
(3, 1, '2019-07-22 02:02:08', '08:00', '08:30', '技术把关与评审活动(内)', '', '3123', '', '2019-07-19 08:17:38', '2019-07-22 02:02:08'),
(4, 1, '2019-07-22 01:57:49', '08:00', '08:30', '技术把关与评审活动(内)', '', '123', '', '2019-07-19 10:16:43', '2019-07-22 01:57:49'),
(5, 1, '2019-07-22 01:58:05', '08:00', '08:30', '技术把关与评审活动(内)', '', '1', '123', '2019-07-19 10:22:17', '2019-07-22 01:58:05'),
(6, 1, '2019-07-18 16:00:00', '08:00', '08:30', '技术把关与评审活动(内)', '', '', '', '2019-07-19 10:29:43', '2019-07-19 10:29:43'),
(7, 1, '2019-07-22 02:07:19', '08:00', '08:30', '技术把关与评审活动(内)', '', '123', '', '2019-07-19 10:29:49', '2019-07-22 02:07:19'),
(8, 1, '2019-07-22 02:03:24', '08:00', '08:30', '技术把关与评审活动(内)', '', '1', '', '2019-07-19 10:45:30', '2019-07-22 02:03:24'),
(16, 1, '2019-07-20 16:00:00', '08:00', '08:30', '技术把关与评审活动(内)', '', '12312123123', '', '2019-07-21 12:53:09', '2019-07-22 02:09:28'),
(17, 1, '2019-07-20 16:00:00', '08:00', '08:30', '技术把关与评审活动(内)', '', '', '3123123', '2019-07-21 12:53:15', '2019-07-22 02:09:34'),
(18, 1, '2019-07-20 16:00:00', '08:00', '08:30', '技术把关与评审活动(内)', '', '', '', '2019-07-21 12:53:27', '2019-07-21 12:53:27'),
(19, 1, '2019-07-20 16:00:00', '08:00', '08:30', '技术把关与评审活动(内)', '', '', '', '2019-07-21 12:53:45', '2019-07-21 12:53:45'),
(20, 1, '2019-07-20 16:00:00', '08:00', '08:30', '技术把关与评审活动(内)', '', '', '', '2019-07-21 12:54:03', '2019-07-21 12:54:03'),
(21, 1, '2019-07-20 16:00:00', '08:00', '08:30', '技术把关与评审活动(内)', '', '', '', '2019-07-21 12:57:23', '2019-07-21 12:57:23'),
(22, 1, '2019-07-20 16:00:00', '08:00', '08:30', '技术把关与评审活动(内)', '', '', '', '2019-07-21 12:58:11', '2019-07-21 12:58:11'),
(23, 1, '2019-07-20 16:00:00', '08:00', '08:30', '技术把关与评审活动(内)', '', '', '', '2019-07-21 13:02:30', '2019-07-21 13:02:30'),
(24, 1, '2019-07-20 16:00:00', '08:00', '08:30', '技术把关与评审活动(内)', '', '', '', '2019-07-21 13:03:40', '2019-07-21 13:03:40'),
(25, 1, '2019-07-20 16:00:00', '08:00', '08:30', '技术把关与评审活动(内)', '', '', '', '2019-07-21 13:03:43', '2019-07-21 13:03:43'),
(26, 1, '2019-07-22 01:58:49', '08:00', '08:30', '技术把关与评审活动(内)', '', '213', '', '2019-07-21 13:04:20', '2019-07-22 01:58:49'),
(28, 1, '2019-07-22 02:01:31', '16:30', '21:00', '技术把关与评审活动(内)', '12321', '1321', '12312', '2019-07-21 13:04:47', '2019-07-22 02:01:31'),
(29, 1, '2019-07-20 16:00:00', '08:00', '08:30', '技术把关与评审活动(内)', '', '', '', '2019-07-22 01:33:28', '2019-07-22 01:33:28'),
(30, 1, '2019-07-20 16:00:00', '08:00', '08:30', '技术把关与评审活动(内)', '', '123', '', '2019-07-22 01:33:59', '2019-07-22 01:33:59'),
(31, 1, '2019-07-20 16:00:00', '08:00', '08:30', '技术把关与评审活动(内)', '123', '123', '123', '2019-07-22 01:53:49', '2019-07-22 01:53:49'),
(32, 1, '2019-07-20 16:00:00', '08:00', '08:30', '技术把关与评审活动(内)', '123', '12312', '123', '2019-07-22 01:53:56', '2019-07-22 01:53:56'),
(33, 1, '2019-07-31 16:00:00', '08:00', '08:30', '技术把关与评审活动(内)', '', '', '', '2019-07-22 02:23:47', '2019-07-22 02:23:47'),
(34, 1, '2019-08-09 16:00:00', '08:00', '08:30', '技术把关与评审活动(内)', '', '', '', '2019-07-22 02:23:56', '2019-07-22 02:23:56'),
(35, 1, '2019-08-09 16:00:00', '08:00', '08:30', '技术把关与评审活动(内)', '', '', '', '2019-07-22 02:23:59', '2019-07-22 02:23:59'),
(36, 1, '2019-05-31 16:00:00', '08:00', '08:30', '技术把关与评审活动(内)', '', '', '', '2019-07-22 02:24:28', '2019-07-22 02:24:28'),
(37, 1, '2019-05-31 16:00:00', '08:00', '08:30', '技术把关与评审活动(内)', '', '', '', '2019-07-22 02:24:31', '2019-07-22 02:24:31'),
(38, 1, '2019-08-31 16:00:00', '08:00', '08:30', '技术把关与评审活动(内)', '', '', '', '2019-07-22 02:24:41', '2019-07-22 02:24:41'),
(39, 1, '2019-08-31 16:00:00', '08:00', '08:30', '技术把关与评审活动(内)', '', '', '', '2019-07-22 02:24:42', '2019-07-22 02:24:42'),
(40, 1, '2019-08-17 16:00:00', '08:00', '08:30', '技术把关与评审活动(内)', '', '', '', '2019-07-22 02:25:58', '2019-07-22 02:25:58');

-- --------------------------------------------------------

--
-- Table structure for table `poll`
--

CREATE TABLE `poll` (
  `id` int(10) UNSIGNED NOT NULL,
  `name` varchar(255) COLLATE utf8_unicode_ci NOT NULL,
  `due_day` timestamp NOT NULL DEFAULT '0000-00-00 00:00:00',
  `range` varchar(255) COLLATE utf8_unicode_ci NOT NULL,
  `employee_id` int(11) NOT NULL,
  `created_at` timestamp NOT NULL DEFAULT '0000-00-00 00:00:00',
  `updated_at` timestamp NOT NULL DEFAULT '0000-00-00 00:00:00'
) ENGINE=InnoDB DEFAULT CHARSET=utf8 COLLATE=utf8_unicode_ci;

--
-- Dumping data for table `poll`
--

INSERT INTO `poll` (`id`, `name`, `due_day`, `range`, `employee_id`, `created_at`, `updated_at`) VALUES
(24, '1', '2019-06-04 16:00:00', '1|12|13', 1, '2019-06-12 09:14:51', '2019-06-12 09:14:51'),
(25, '1', '2019-06-04 16:00:00', '2|5|10|11|14', 1, '2019-06-14 05:40:37', '2019-06-14 05:40:37'),
(26, '1', '2019-06-11 16:00:00', '1|12|13', 1, '2019-06-17 05:04:43', '2019-06-17 05:04:43'),
(27, '1', '2019-06-04 16:00:00', '1|12|13', 1, '2019-06-17 05:33:28', '2019-06-17 05:33:28'),
(28, '1', '2019-05-07 16:00:00', '1|12|13', 1, '2019-06-17 05:38:10', '2019-06-17 05:38:10');

-- --------------------------------------------------------

--
-- Table structure for table `poll_column`
--

CREATE TABLE `poll_column` (
  `id` int(10) UNSIGNED NOT NULL,
  `poll_id` int(11) NOT NULL,
  `index` tinyint(4) NOT NULL,
  `name` varchar(255) COLLATE utf8_unicode_ci NOT NULL,
  `type` varchar(255) COLLATE utf8_unicode_ci NOT NULL,
  `valid_value` varchar(255) COLLATE utf8_unicode_ci NOT NULL,
  `created_at` timestamp NOT NULL DEFAULT '0000-00-00 00:00:00',
  `updated_at` timestamp NOT NULL DEFAULT '0000-00-00 00:00:00'
) ENGINE=InnoDB DEFAULT CHARSET=utf8 COLLATE=utf8_unicode_ci;

--
-- Dumping data for table `poll_column`
--

INSERT INTO `poll_column` (`id`, `poll_id`, `index`, `name`, `type`, `valid_value`, `created_at`, `updated_at`) VALUES
(1, 25, 0, '新增字段1', '单项选择', '1|sdfasf |安抚', '2019-06-14 05:40:37', '2019-06-14 05:40:37'),
(2, 26, 0, '新增字段1', '单项选择', 'apple|banana', '2019-06-17 05:04:43', '2019-06-17 05:04:43'),
(3, 26, 1, '1', '多项选择', 'green|red|blue', '2019-06-17 05:04:43', '2019-06-17 05:04:43'),
(4, 27, 0, '新增字段1', '数字', '', '2019-06-17 05:33:28', '2019-06-17 05:33:28'),
(5, 27, 1, '新增字段2', '单项选择', '13|123123', '2019-06-17 05:33:28', '2019-06-17 05:33:28'),
(6, 27, 2, '新增字段3', '多项选择', 'dfa|apple|21312412', '2019-06-17 05:33:28', '2019-06-17 05:33:28'),
(7, 28, 0, '新增字段1', '单行文字', '', '2019-06-17 05:38:10', '2019-06-17 05:38:10'),
(8, 28, 1, '新增字段2', '数字', '', '2019-06-17 05:38:10', '2019-06-17 05:38:10');

-- --------------------------------------------------------

--
-- Table structure for table `poll_fill`
--

CREATE TABLE `poll_fill` (
  `id` int(10) UNSIGNED NOT NULL,
  `poll_id` int(11) NOT NULL,
  `state` varchar(255) COLLATE utf8_unicode_ci NOT NULL,
  `employee_id` int(11) NOT NULL,
  `created_at` timestamp NOT NULL DEFAULT '0000-00-00 00:00:00',
  `updated_at` timestamp NOT NULL DEFAULT '0000-00-00 00:00:00'
) ENGINE=InnoDB DEFAULT CHARSET=utf8 COLLATE=utf8_unicode_ci;

--
-- Dumping data for table `poll_fill`
--

INSERT INTO `poll_fill` (`id`, `poll_id`, `state`, `employee_id`, `created_at`, `updated_at`) VALUES
(28, 24, '已填写', 2, '2019-06-12 09:24:12', '2019-06-12 09:24:12'),
(35, 26, '已填写', 1, '2019-06-17 05:22:43', '2019-06-17 05:22:43'),
(36, 27, '已填写', 1, '2019-06-17 05:33:38', '2019-06-17 05:33:38');

-- --------------------------------------------------------

--
-- Table structure for table `poll_value`
--

CREATE TABLE `poll_value` (
  `id` int(10) UNSIGNED NOT NULL,
  `poll_column_id` int(11) NOT NULL,
  `poll_fill_id` int(11) NOT NULL,
  `value` varchar(255) COLLATE utf8_unicode_ci NOT NULL,
  `created_at` timestamp NOT NULL DEFAULT '0000-00-00 00:00:00',
  `updated_at` timestamp NOT NULL DEFAULT '0000-00-00 00:00:00'
) ENGINE=InnoDB DEFAULT CHARSET=utf8 COLLATE=utf8_unicode_ci;

--
-- Dumping data for table `poll_value`
--

INSERT INTO `poll_value` (`id`, `poll_column_id`, `poll_fill_id`, `value`, `created_at`, `updated_at`) VALUES
(9, 2, 35, 'apple', '2019-06-17 05:22:43', '2019-06-17 05:22:43'),
(10, 3, 35, 'green|red', '2019-06-17 05:22:43', '2019-06-17 05:22:43'),
(11, 4, 36, '15', '2019-06-17 05:33:38', '2019-06-17 05:33:38'),
(12, 5, 36, '123123', '2019-06-17 05:33:38', '2019-06-17 05:33:38'),
(13, 6, 36, 'dfa|apple|21312412', '2019-06-17 05:33:38', '2019-06-17 05:33:38');

-- --------------------------------------------------------

--
-- Table structure for table `post_program`
--

CREATE TABLE `post_program` (
  `id` int(10) UNSIGNED NOT NULL,
  `program_id` int(11) NOT NULL,
  `test_round` varchar(255) COLLATE utf8_unicode_ci NOT NULL,
  `problem_num` varchar(255) COLLATE utf8_unicode_ci NOT NULL,
  `code_problem_num` varchar(255) COLLATE utf8_unicode_ci NOT NULL,
  `class12_problem_num` varchar(255) COLLATE utf8_unicode_ci NOT NULL,
  `plan_type` varchar(255) COLLATE utf8_unicode_ci NOT NULL,
  `plan_complete_type` varchar(255) COLLATE utf8_unicode_ci NOT NULL,
  `cmtool_info` varchar(255) COLLATE utf8_unicode_ci NOT NULL,
  `dec817` varchar(255) COLLATE utf8_unicode_ci NOT NULL,
  `is_cut` varchar(255) COLLATE utf8_unicode_ci NOT NULL,
  `created_at` timestamp NOT NULL DEFAULT '0000-00-00 00:00:00',
  `updated_at` timestamp NOT NULL DEFAULT '0000-00-00 00:00:00'
) ENGINE=InnoDB DEFAULT CHARSET=utf8 COLLATE=utf8_unicode_ci;

--
-- Dumping data for table `post_program`
--

INSERT INTO `post_program` (`id`, `program_id`, `test_round`, `problem_num`, `code_problem_num`, `class12_problem_num`, `plan_type`, `plan_complete_type`, `cmtool_info`, `dec817`, `is_cut`, `created_at`, `updated_at`) VALUES
(1, 21, '2', '34', '34', '23', '2', '未按时完成', '口头通知', '符合', '已裁剪', '2019-06-28 10:18:30', '2019-06-28 10:18:30'),
(2, 22, '2', '34', '34', '23', '10', 'dfa', '口头通知', '符合', '已裁剪', '2019-06-28 10:18:58', '2019-06-28 10:18:58'),
(3, 23, '2', '34', '34', '23', '2', 'dfa', '口头通知', '符合', '已裁剪', '2019-06-28 10:19:49', '2019-06-28 10:19:49'),
(4, 24, '2', '34', '34', '23', '2', 'dfa', '口头通知', '符合', '已裁剪', '2019-06-28 10:20:37', '2019-06-28 10:20:37'),
(5, 25, '2', '34', '34', '23', '普通Avidm计划', 'dfa', '口头通知', '符合', '已裁剪', '2019-06-28 10:20:55', '2019-06-28 10:20:55'),
(6, 26, '2', '34', '34', '23', '普通Avidm计划', '未按时完成', '口头通知', '符合', '已裁剪', '2019-06-28 10:21:12', '2019-06-28 10:21:12');

-- --------------------------------------------------------

--
-- Table structure for table `program`
--

CREATE TABLE `program` (
  `id` int(10) UNSIGNED NOT NULL,
  `ref` varchar(255) COLLATE utf8_unicode_ci NOT NULL,
  `program_source` varchar(255) COLLATE utf8_unicode_ci NOT NULL,
  `type` varchar(255) COLLATE utf8_unicode_ci NOT NULL,
  `state` varchar(255) COLLATE utf8_unicode_ci NOT NULL,
  `created_at` timestamp NOT NULL DEFAULT '0000-00-00 00:00:00',
  `updated_at` timestamp NOT NULL DEFAULT '0000-00-00 00:00:00',
  `overdue_reason` varchar(50) COLLATE utf8_unicode_ci NOT NULL,
  `plan_start_time` datetime NOT NULL,
  `plan_end_time` datetime NOT NULL,
  `actual_start_time` datetime NOT NULL,
  `actual_end_time` datetime NOT NULL,
  `contract_id` int(11) NOT NULL,
  `workflow_id` int(11) NOT NULL,
  `name` varchar(30) COLLATE utf8_unicode_ci NOT NULL,
  `program_identity` varchar(30) COLLATE utf8_unicode_ci NOT NULL,
  `model_id` int(10) NOT NULL,
  `program_type` varchar(30) COLLATE utf8_unicode_ci NOT NULL,
  `classification` varchar(30) COLLATE utf8_unicode_ci NOT NULL,
  `program_stage` varchar(30) COLLATE utf8_unicode_ci NOT NULL,
  `dev_type` varchar(30) COLLATE utf8_unicode_ci NOT NULL,
  `creator_id` int(11) NOT NULL,
  `manager_id` int(11) NOT NULL
) ENGINE=MyISAM DEFAULT CHARSET=utf8 COLLATE=utf8_unicode_ci;

--
-- Dumping data for table `program`
--

INSERT INTO `program` (`id`, `ref`, `program_source`, `type`, `state`, `created_at`, `updated_at`, `overdue_reason`, `plan_start_time`, `plan_end_time`, `actual_start_time`, `actual_end_time`, `contract_id`, `workflow_id`, `name`, `program_identity`, `model_id`, `program_type`, `classification`, `program_stage`, `dev_type`, `creator_id`, `manager_id`) VALUES
(1, '新研', '', '战略', '项目进行中', '2019-06-28 08:24:00', '2019-07-17 02:11:12', '被测件提供晚', '0000-00-00 00:00:00', '0000-00-00 00:00:00', '0000-00-00 00:00:00', '2019-01-21 00:00:00', 0, 26, '飞行控制软件', '', 8, '配置项测试', '', 'Y1', 'IV', 1, 15),
(2, '新研', '', '战略', '意向项目', '2019-06-28 08:24:00', '2019-07-17 11:57:26', '使用开发方环境，协调难度大', '0000-00-00 00:00:00', '0000-00-00 00:00:00', '0000-00-00 00:00:00', '2019-01-22 00:00:00', 0, 27, '飞行控制软件', '', 8, '配置项测试', '', 'Y2', 'IV', 1, 15),
(3, '新研', '', '战略', '首轮测试执行中', '2019-06-28 08:24:00', '2019-06-28 08:24:00', '中心自研环境耗时多', '0000-00-00 00:00:00', '0000-00-00 00:00:00', '0000-00-00 00:00:00', '2019-01-23 00:00:00', 0, 0, '飞行控制软件', '', 8, '配置项测试', '', 'Y3', 'IV', 1, 15),
(4, '新研', '', '战略', '首轮测试结束', '2019-06-28 08:24:00', '2019-06-28 08:24:00', '项目未及时启动或人员投入少', '0000-00-00 00:00:00', '0000-00-00 00:00:00', '0000-00-00 00:00:00', '2019-01-24 00:00:00', 0, 0, '飞行控制软件', '', 8, '配置项测试', '', 'Y4', 'IV', 1, 15),
(5, '新研', '', '战略', '完成最终报告待评审', '2019-06-28 08:24:00', '2019-06-28 08:24:00', '计划提交不及时', '0000-00-00 00:00:00', '0000-00-00 00:00:00', '0000-00-00 00:00:00', '2019-01-25 00:00:00', 0, 0, '飞行控制软件', '', 8, '配置项测试', '', 'Y5', 'IV', 1, 15),
(6, '新研', '', '战略', '意向项目', '2019-06-28 08:32:14', '2019-06-28 08:32:14', '11', '0000-00-00 00:00:00', '0000-00-00 00:00:00', '0000-00-00 00:00:00', '2019-01-21 00:00:00', 0, 0, '飞行控制软件', '', 8, '配置项测试', '', 'Y1', 'IV', 1, 15),
(7, '新研', '', '战略', '意向项目', '2019-06-28 08:32:15', '2019-06-28 08:32:15', '11', '0000-00-00 00:00:00', '0000-00-00 00:00:00', '0000-00-00 00:00:00', '2019-01-21 00:00:00', 0, 0, '飞行控制软件', '', 8, '配置项测试', '', 'Y1', 'IV', 1, 15),
(8, '新研', '', '战略', '意向项目', '2019-06-28 08:32:15', '2019-06-28 08:32:15', '11', '0000-00-00 00:00:00', '0000-00-00 00:00:00', '0000-00-00 00:00:00', '2019-01-21 00:00:00', 0, 0, '飞行控制软件', '', 8, '配置项测试', '', 'Y1', 'IV', 1, 15),
(9, '新研', '', '战略', '意向项目', '2019-06-28 08:33:08', '2019-06-28 08:33:08', '/', '0000-00-00 00:00:00', '0000-00-00 00:00:00', '0000-00-00 00:00:00', '2019-01-21 00:00:00', 0, 0, '飞行控制软件', '', 8, '配置项测试', '', 'Y1', 'IV', 1, 15),
(10, '新研', '', '战略', '意向项目', '2019-06-28 08:33:09', '2019-06-28 08:33:09', '\\', '0000-00-00 00:00:00', '0000-00-00 00:00:00', '0000-00-00 00:00:00', '2019-01-21 00:00:00', 0, 0, '飞行控制软件', '', 8, '配置项测试', '', 'Y1', 'IV', 1, 15),
(11, '新研', '', '战略', '意向项目', '2019-06-28 08:33:09', '2019-06-28 08:33:09', '55(bla)', '0000-00-00 00:00:00', '0000-00-00 00:00:00', '0000-00-00 00:00:00', '2019-01-21 00:00:00', 0, 0, '飞行控制软件', '', 8, '配置项测试', '', 'Y1', 'IV', 1, 15),
(12, '新研', '', '战略', '意向项目', '2019-06-28 08:34:37', '2019-06-28 08:34:37', '11', '0000-00-00 00:00:00', '0000-00-00 00:00:00', '0000-00-00 00:00:00', '2019-01-21 00:00:00', 0, 0, '飞行控制软件', '', 8, '配置项测试', '', 'Y1', 'IV', 1, 15),
(13, '新研', '', '战略', '意向项目', '2019-06-28 08:34:37', '2019-06-28 08:34:37', '11', '0000-00-00 00:00:00', '0000-00-00 00:00:00', '0000-00-00 00:00:00', '2019-01-21 00:00:00', 0, 0, '飞行控制软件', '', 8, '配置项测试', '', 'Y1', 'IV', 1, 15),
(14, '新研', '', '战略', '意向项目', '2019-06-28 08:34:37', '2019-06-28 08:34:37', '11', '0000-00-00 00:00:00', '0000-00-00 00:00:00', '0000-00-00 00:00:00', '2019-01-21 00:00:00', 0, 0, '飞行控制软件', '', 8, '配置项测试', '', 'Y1', 'IV', 1, 15),
(15, '新研', '', '战略', '意向项目', '2019-06-28 08:37:57', '2019-06-28 08:37:57', '11', '0000-00-00 00:00:00', '0000-00-00 00:00:00', '0000-00-00 00:00:00', '2019-01-21 00:00:00', 0, 0, '飞行控制软件', '', 8, '配置项测试', '', 'Y1', 'IV', 1, 15),
(16, '新研', '', '战略', '意向项目', '2019-06-28 08:54:51', '2019-06-28 08:54:51', '被测件提供晚', '0000-00-00 00:00:00', '0000-00-00 00:00:00', '0000-00-00 00:00:00', '2019-01-21 00:00:00', 0, 0, '飞行控制软件', '', 8, '配置项测试', '', 'Y1', 'IV', 1, 15),
(17, '新研', '', '战略', '意向项目', '2019-06-28 08:55:14', '2019-06-28 08:55:14', '被测件提供晚', '0000-00-00 00:00:00', '0000-00-00 00:00:00', '0000-00-00 00:00:00', '2019-01-21 00:00:00', 0, 0, '飞行控制软件', '', 8, '配置项测试', '', 'Y1', 'IV', 1, 15),
(18, '新研', '', '战略', '意向项目', '2019-06-28 08:55:15', '2019-06-28 08:55:15', '被测件提供晚', '0000-00-00 00:00:00', '0000-00-00 00:00:00', '0000-00-00 00:00:00', '2019-01-21 00:00:00', 0, 0, '飞行控制软件', '', 8, '配置项测试', '', 'Y1', 'IV', 1, 15),
(19, '新研', '', '战略', '意向项目', '2019-06-28 09:06:03', '2019-06-28 09:06:03', '5', '0000-00-00 00:00:00', '0000-00-00 00:00:00', '0000-00-00 00:00:00', '2019-01-21 00:00:00', 0, 0, '飞行控制软件', '', 8, '配置项测试', '', 'Y1', 'IV', 1, 15),
(20, '新研', '', '战略', '意向项目', '2019-06-28 09:07:07', '2019-06-28 09:07:07', '其他', '0000-00-00 00:00:00', '0000-00-00 00:00:00', '0000-00-00 00:00:00', '2019-01-21 00:00:00', 0, 0, '飞行控制软件', '', 8, '配置项测试', '', 'Y1', 'IV', 1, 15),
(21, '新研', '', '战略', '意向项目', '2019-06-28 10:18:30', '2019-06-28 10:18:30', '其他', '0000-00-00 00:00:00', '0000-00-00 00:00:00', '0000-00-00 00:00:00', '2019-01-21 00:00:00', 0, 0, '飞行控制软件', '', 8, '配置项测试', '', 'Y1', 'IV', 1, 15),
(22, '新研', '', '战略', '意向项目', '2019-06-28 10:18:58', '2019-06-28 10:18:58', '其他', '0000-00-00 00:00:00', '0000-00-00 00:00:00', '0000-00-00 00:00:00', '2019-01-21 00:00:00', 0, 0, '飞行控制软件', '', 8, '配置项测试', '', 'Y1', 'IV', 1, 15),
(23, '新研', '', '战略', '意向项目', '2019-06-28 10:19:49', '2019-06-28 10:19:49', '其他', '0000-00-00 00:00:00', '0000-00-00 00:00:00', '0000-00-00 00:00:00', '2019-01-21 00:00:00', 0, 0, '飞行控制软件', '', 8, '配置项测试', '', 'Y1', 'IV', 1, 15),
(24, '新研', '', '战略', '意向项目', '2019-06-28 10:20:37', '2019-06-28 10:20:37', '其他', '0000-00-00 00:00:00', '0000-00-00 00:00:00', '0000-00-00 00:00:00', '2019-01-21 00:00:00', 0, 0, '飞行控制软件', '', 8, '配置项测试', '', 'Y1', 'IV', 1, 15),
(25, '新研', '', '战略', '意向项目', '2019-06-28 10:20:55', '2019-06-28 10:20:55', '其他', '0000-00-00 00:00:00', '0000-00-00 00:00:00', '0000-00-00 00:00:00', '2019-01-21 00:00:00', 0, 0, '飞行控制软件', '', 8, '配置项测试', '', 'Y1', 'IV', 1, 15),
(26, '新研', '', '战略', '意向项目', '2019-06-28 10:21:11', '2019-06-28 10:21:11', '其他', '0000-00-00 00:00:00', '0000-00-00 00:00:00', '0000-00-00 00:00:00', '2019-01-21 00:00:00', 0, 0, '飞行控制软件', '', 8, '配置项测试', '', 'Y1', 'IV', 1, 15),
(27, '123', '', '', '首轮测试执行中', '2019-07-04 02:53:13', '2019-07-04 02:53:13', '', '2019-06-14 00:00:00', '2019-06-14 00:00:00', '0000-00-00 00:00:00', '0000-00-00 00:00:00', 0, 23, '', '', 4, '', '秘密', 'qwe', '适应性修改', 1, 1),
(28, '123', '', '', '首轮测试执行中', '2019-07-04 02:53:54', '2019-07-04 02:53:54', '', '2019-06-14 00:00:00', '2019-06-14 00:00:00', '0000-00-00 00:00:00', '0000-00-00 00:00:00', 0, 24, '', '', 4, '', '秘密', 'qwe', '适应性修改', 1, 1),
(29, '123', '', '', '首轮测试执行中', '2019-07-04 02:59:48', '2019-07-16 10:41:44', '', '2019-06-14 00:00:00', '2019-06-14 00:00:00', '0000-00-00 00:00:00', '0000-00-00 00:00:00', 0, 25, '', '', 4, '', '秘密', 'qwe', '适应性修改', 1, 1),
(30, '', '', '', '预备项目', '2019-07-04 08:19:40', '2019-07-04 08:19:40', '', '2019-07-04 08:19:28', '2019-07-04 08:19:28', '0000-00-00 00:00:00', '0000-00-00 00:00:00', 0, 0, '', '', 4, '', '', '', '123123', 1, 1);

-- --------------------------------------------------------

--
-- Table structure for table `programteamrole_task`
--

CREATE TABLE `programteamrole_task` (
  `id` int(10) UNSIGNED NOT NULL,
  `programteamrole_id` int(11) NOT NULL,
  `before_node_id` int(10) NOT NULL,
  `task` varchar(255) COLLATE utf8_unicode_ci NOT NULL,
  `due_day` timestamp NOT NULL DEFAULT CURRENT_TIMESTAMP,
  `overdue_reason` varchar(255) COLLATE utf8_unicode_ci NOT NULL,
  `state` tinyint(4) NOT NULL,
  `note` varchar(255) COLLATE utf8_unicode_ci NOT NULL,
  `ratio` int(5) NOT NULL,
  `score` int(5) NOT NULL,
  `created_at` timestamp NOT NULL DEFAULT '0000-00-00 00:00:00',
  `updated_at` timestamp NOT NULL DEFAULT '0000-00-00 00:00:00'
) ENGINE=InnoDB DEFAULT CHARSET=utf8 COLLATE=utf8_unicode_ci;

--
-- Dumping data for table `programteamrole_task`
--

INSERT INTO `programteamrole_task` (`id`, `programteamrole_id`, `before_node_id`, `task`, `due_day`, `overdue_reason`, `state`, `note`, `ratio`, `score`, `created_at`, `updated_at`) VALUES
(1, 1, 362, '', '0000-00-00 00:00:00', '', 100, '', 10, 5, '2019-07-17 06:15:50', '2019-07-17 11:27:57'),
(2, 1, 365, '', '2019-03-14 16:00:00', '', 100, '', 10, 5, '2019-07-17 07:40:59', '2019-07-17 08:18:38'),
(3, 2, 365, '', '0000-00-00 00:00:00', '', 20, '', 10, 5, '2019-07-17 08:17:15', '2019-07-17 11:24:27'),
(4, 2, 365, '', '0000-00-00 00:00:00', '', 50, '', 10, 5, '2019-07-17 08:17:31', '2019-07-17 11:23:37'),
(5, 3, 365, '', '0000-00-00 00:00:00', '', 10, '', 10, 5, '2019-07-17 08:17:36', '2019-07-17 08:17:36'),
(6, 2, 365, '', '0000-00-00 00:00:00', '', 20, '', 10, 5, '2019-07-17 11:23:42', '2019-07-17 11:23:56'),
(7, 4, 376, '', '0000-00-00 00:00:00', '', 10, '', 10, 5, '2019-07-17 11:57:54', '2019-07-17 11:57:54'),
(8, 4, 377, '', '0000-00-00 00:00:00', '', 10, '', 10, 5, '2019-07-17 11:58:01', '2019-07-17 11:58:01'),
(9, 85, 331, '', '0000-00-00 00:00:00', '', 10, '', 10, 5, '2019-07-25 06:11:45', '2019-07-25 06:11:45');

-- --------------------------------------------------------

--
-- Table structure for table `program_team_role`
--

CREATE TABLE `program_team_role` (
  `id` int(10) UNSIGNED NOT NULL,
  `program_id` int(11) NOT NULL,
  `role` varchar(255) COLLATE utf8_unicode_ci NOT NULL,
  `workload_note` varchar(255) COLLATE utf8_unicode_ci NOT NULL,
  `plan_workload` varchar(100) COLLATE utf8_unicode_ci NOT NULL,
  `actual_workload` varchar(100) COLLATE utf8_unicode_ci NOT NULL,
  `employee_id` int(11) NOT NULL,
  `created_at` timestamp NOT NULL DEFAULT '0000-00-00 00:00:00',
  `updated_at` timestamp NOT NULL DEFAULT '0000-00-00 00:00:00'
) ENGINE=InnoDB DEFAULT CHARSET=utf8 COLLATE=utf8_unicode_ci;

--
-- Dumping data for table `program_team_role`
--

INSERT INTO `program_team_role` (`id`, `program_id`, `role`, `workload_note`, `plan_workload`, `actual_workload`, `employee_id`, `created_at`, `updated_at`) VALUES
(1, 1, '项目组长', '', '', '0.34', 15, '2019-06-28 08:24:00', '2019-06-28 08:24:00'),
(2, 1, '项目组员', '', '', '0.33', 16, '2019-06-28 08:24:00', '2019-06-28 08:24:00'),
(3, 1, '项目组员', '', '', '0.33', 17, '2019-06-28 08:24:00', '2019-06-28 08:24:00'),
(4, 2, '项目组长', '', '', '1.34', 15, '2019-06-28 08:24:00', '2019-06-28 08:24:00'),
(5, 2, '项目组员', '', '', '1.33', 16, '2019-06-28 08:24:00', '2019-06-28 08:24:00'),
(6, 2, '项目组员', '', '', '1.33', 17, '2019-06-28 08:24:00', '2019-06-28 08:24:00'),
(7, 3, '项目组长', '', '', '2.34', 15, '2019-06-28 08:24:00', '2019-06-28 08:24:00'),
(8, 3, '项目组员', '', '', '2.33', 16, '2019-06-28 08:24:00', '2019-06-28 08:24:00'),
(9, 3, '项目组员', '', '', '2.33', 17, '2019-06-28 08:24:00', '2019-06-28 08:24:00'),
(10, 4, '项目组长', '', '', '3.34', 15, '2019-06-28 08:24:00', '2019-06-28 08:24:00'),
(11, 4, '项目组员', '', '', '3.33', 16, '2019-06-28 08:24:00', '2019-06-28 08:24:00'),
(12, 4, '项目组员', '', '', '3.33', 17, '2019-06-28 08:24:00', '2019-06-28 08:24:00'),
(13, 5, '项目组长', '', '', '4.34', 15, '2019-06-28 08:24:00', '2019-06-28 08:24:00'),
(14, 5, '项目组员', '', '', '4.33', 16, '2019-06-28 08:24:00', '2019-06-28 08:24:00'),
(15, 5, '项目组员', '', '', '4.33', 17, '2019-06-28 08:24:00', '2019-06-28 08:24:00'),
(16, 6, '项目组长', '', '', '0.34', 15, '2019-06-28 08:32:14', '2019-06-28 08:32:15'),
(17, 6, '项目组员', '', '', '0.33', 16, '2019-06-28 08:32:15', '2019-06-28 08:32:15'),
(18, 6, '项目组员', '', '', '0.33', 17, '2019-06-28 08:32:15', '2019-06-28 08:32:15'),
(19, 7, '项目组长', '', '', '0.34', 15, '2019-06-28 08:32:15', '2019-06-28 08:32:15'),
(20, 7, '项目组员', '', '', '0.33', 16, '2019-06-28 08:32:15', '2019-06-28 08:32:15'),
(21, 7, '项目组员', '', '', '0.33', 17, '2019-06-28 08:32:15', '2019-06-28 08:32:15'),
(22, 8, '项目组长', '', '', '0.34', 15, '2019-06-28 08:32:15', '2019-06-28 08:32:15'),
(23, 8, '项目组员', '', '', '0.33', 16, '2019-06-28 08:32:15', '2019-06-28 08:32:15'),
(24, 8, '项目组员', '', '', '0.33', 17, '2019-06-28 08:32:15', '2019-06-28 08:32:15'),
(25, 9, '项目组长', '', '', '0.34', 15, '2019-06-28 08:33:09', '2019-06-28 08:33:09'),
(26, 9, '项目组员', '', '', '0.33', 16, '2019-06-28 08:33:09', '2019-06-28 08:33:09'),
(27, 9, '项目组员', '', '', '0.33', 17, '2019-06-28 08:33:09', '2019-06-28 08:33:09'),
(28, 10, '项目组长', '', '', '0.34', 15, '2019-06-28 08:33:09', '2019-06-28 08:33:09'),
(29, 10, '项目组员', '', '', '0.33', 16, '2019-06-28 08:33:09', '2019-06-28 08:33:09'),
(30, 10, '项目组员', '', '', '0.33', 17, '2019-06-28 08:33:09', '2019-06-28 08:33:09'),
(31, 11, '项目组长', '', '', '0.34', 15, '2019-06-28 08:33:09', '2019-06-28 08:33:09'),
(32, 11, '项目组员', '', '', '0.33', 16, '2019-06-28 08:33:09', '2019-06-28 08:33:09'),
(33, 11, '项目组员', '', '', '0.33', 17, '2019-06-28 08:33:09', '2019-06-28 08:33:09'),
(34, 12, '项目组长', '', '', '0.34', 15, '2019-06-28 08:34:37', '2019-06-28 08:34:37'),
(35, 12, '项目组员', '', '', '0.33', 16, '2019-06-28 08:34:37', '2019-06-28 08:34:37'),
(36, 12, '项目组员', '', '', '0.33', 17, '2019-06-28 08:34:37', '2019-06-28 08:34:37'),
(37, 13, '项目组长', '', '', '0.34', 15, '2019-06-28 08:34:37', '2019-06-28 08:34:37'),
(38, 13, '项目组员', '', '', '0.33', 16, '2019-06-28 08:34:37', '2019-06-28 08:34:37'),
(39, 13, '项目组员', '', '', '0.33', 17, '2019-06-28 08:34:37', '2019-06-28 08:34:37'),
(40, 14, '项目组长', '', '', '0.34', 15, '2019-06-28 08:34:37', '2019-06-28 08:34:37'),
(41, 14, '项目组员', '', '', '0.33', 16, '2019-06-28 08:34:37', '2019-06-28 08:34:37'),
(42, 14, '项目组员', '', '', '0.33', 17, '2019-06-28 08:34:37', '2019-06-28 08:34:37'),
(43, 15, '项目组长', '', '', '0.34', 15, '2019-06-28 08:37:58', '2019-06-28 08:37:58'),
(44, 15, '项目组员', '', '', '0.33', 16, '2019-06-28 08:37:59', '2019-06-28 08:37:59'),
(45, 15, '项目组员', '', '', '0.33', 17, '2019-06-28 08:38:00', '2019-06-28 08:38:00'),
(46, 16, '项目组长', '', '', '0.34', 15, '2019-06-28 08:54:51', '2019-06-28 08:54:51'),
(47, 16, '项目组员', '', '', '0.33', 16, '2019-06-28 08:54:51', '2019-06-28 08:54:51'),
(48, 16, '项目组员', '', '', '0.33', 17, '2019-06-28 08:54:51', '2019-06-28 08:54:51'),
(49, 17, '项目组长', '', '', '0.34', 15, '2019-06-28 08:55:14', '2019-06-28 08:55:14'),
(50, 17, '项目组员', '', '', '0.33', 16, '2019-06-28 08:55:14', '2019-06-28 08:55:14'),
(51, 17, '项目组员', '', '', '0.33', 17, '2019-06-28 08:55:14', '2019-06-28 08:55:14'),
(52, 18, '项目组长', '', '', '0.34', 15, '2019-06-28 08:55:15', '2019-06-28 08:55:15'),
(53, 18, '项目组员', '', '', '0.33', 16, '2019-06-28 08:55:15', '2019-06-28 08:55:15'),
(54, 18, '项目组员', '', '', '0.33', 17, '2019-06-28 08:55:15', '2019-06-28 08:55:15'),
(55, 19, '项目组长', '', '', '0.34', 15, '2019-06-28 09:06:03', '2019-06-28 09:06:03'),
(56, 19, '项目组员', '', '', '0.33', 16, '2019-06-28 09:06:03', '2019-06-28 09:06:03'),
(57, 19, '项目组员', '', '', '0.33', 17, '2019-06-28 09:06:03', '2019-06-28 09:06:03'),
(58, 20, '项目组长', '', '', '0.34', 15, '2019-06-28 09:07:07', '2019-06-28 09:07:07'),
(59, 20, '项目组员', '', '', '0.33', 16, '2019-06-28 09:07:07', '2019-06-28 09:07:07'),
(60, 20, '项目组员', '', '', '0.33', 17, '2019-06-28 09:07:07', '2019-06-28 09:07:07'),
(61, 21, '项目组长', '', '', '0.34', 15, '2019-06-28 10:18:30', '2019-06-28 10:18:30'),
(62, 21, '项目组员', '', '', '0.33', 16, '2019-06-28 10:18:30', '2019-06-28 10:18:30'),
(63, 21, '项目组员', '', '', '0.33', 17, '2019-06-28 10:18:30', '2019-06-28 10:18:30'),
(64, 22, '项目组长', '', '', '0.34', 15, '2019-06-28 10:18:58', '2019-06-28 10:18:58'),
(65, 22, '项目组员', '', '', '0.33', 16, '2019-06-28 10:18:58', '2019-06-28 10:18:58'),
(66, 22, '项目组员', '', '', '0.33', 17, '2019-06-28 10:18:58', '2019-06-28 10:18:58'),
(67, 23, '项目组长', '', '', '0.34', 15, '2019-06-28 10:19:49', '2019-06-28 10:19:49'),
(68, 23, '项目组员', '', '', '0.33', 16, '2019-06-28 10:19:49', '2019-06-28 10:19:49'),
(69, 23, '项目组员', '', '', '0.33', 17, '2019-06-28 10:19:49', '2019-06-28 10:19:49'),
(70, 24, '项目组长', '', '', '0.34', 15, '2019-06-28 10:20:37', '2019-06-28 10:20:37'),
(71, 24, '项目组员', '', '', '0.33', 16, '2019-06-28 10:20:37', '2019-06-28 10:20:37'),
(72, 24, '项目组员', '', '', '0.33', 17, '2019-06-28 10:20:37', '2019-06-28 10:20:37'),
(73, 25, '项目组长', '', '', '0.34', 15, '2019-06-28 10:20:55', '2019-06-28 10:20:55'),
(74, 25, '项目组员', '', '', '0.33', 16, '2019-06-28 10:20:55', '2019-06-28 10:20:55'),
(75, 25, '项目组员', '', '', '0.33', 17, '2019-06-28 10:20:55', '2019-06-28 10:20:55'),
(76, 26, '项目组长', '', '', '0.34', 15, '2019-06-28 10:21:11', '2019-06-28 10:21:11'),
(77, 26, '项目组员', '', '', '0.33', 16, '2019-06-28 10:21:11', '2019-06-28 10:21:11'),
(78, 26, '项目组员', '', '', '0.33', 17, '2019-06-28 10:21:11', '2019-06-28 10:21:12'),
(79, 27, '项目组长', '工作描述', '0', '0', 2, '2019-07-04 02:53:13', '2019-07-04 02:53:13'),
(80, 27, '项目组员', '工作描述', '0', '0', 2, '2019-07-04 02:53:13', '2019-07-04 02:53:13'),
(81, 27, '监督人员', '工作描述', '0', '0', 2, '2019-07-04 02:53:13', '2019-07-04 02:53:13'),
(82, 27, '配置管理员', '工作描述', '0', '0', 1, '2019-07-04 02:53:13', '2019-07-04 02:53:13'),
(83, 27, '质量保证人员', '工作描述', '0', '0', 11, '2019-07-04 02:53:13', '2019-07-04 02:53:13'),
(84, 28, '项目组长', '工作描述', '0', '0', 1, '2019-07-04 02:53:54', '2019-07-04 02:53:54'),
(85, 28, '项目组员', '工作描述', '0', '0', 2, '2019-07-04 02:53:54', '2019-07-04 02:53:54'),
(86, 28, '监督人员', '工作描述', '0', '0', 2, '2019-07-04 02:53:54', '2019-07-04 02:53:54'),
(87, 28, '配置管理员', '工作描述', '0', '0', 1, '2019-07-04 02:53:54', '2019-07-04 02:53:54'),
(88, 28, '质量保证人员', '工作描述', '0', '0', 11, '2019-07-04 02:53:54', '2019-07-04 02:53:54');

-- --------------------------------------------------------

--
-- Table structure for table `pvlog`
--

CREATE TABLE `pvlog` (
  `id` int(10) UNSIGNED NOT NULL,
  `program_id` int(11) NOT NULL,
  `changer_id` int(11) NOT NULL,
  `change_note` varchar(255) COLLATE utf8_unicode_ci NOT NULL,
  `created_at` timestamp NOT NULL DEFAULT '0000-00-00 00:00:00',
  `updated_at` timestamp NOT NULL DEFAULT '0000-00-00 00:00:00'
) ENGINE=InnoDB DEFAULT CHARSET=utf8 COLLATE=utf8_unicode_ci;

--
-- Dumping data for table `pvlog`
--

INSERT INTO `pvlog` (`id`, `program_id`, `changer_id`, `change_note`, `created_at`, `updated_at`) VALUES
(1, 7, 1, '创建了新项目', '2019-04-10 06:12:56', '2019-04-10 06:12:56'),
(2, 7, 1, '新增任务', '2019-04-10 06:16:34', '2019-04-10 06:16:34'),
(3, 7, 1, '工作流变更', '2019-04-10 06:16:41', '2019-04-10 06:16:41'),
(4, 7, 1, '工作流变更', '2019-04-10 06:16:42', '2019-04-10 06:16:42'),
(5, 11, 1, '创建了新项目', '2019-04-11 02:34:55', '2019-04-11 02:34:55'),
(6, 11, 2, '新增项目待解决事项', '2019-04-11 02:37:11', '2019-04-11 02:37:11'),
(7, 11, 2, '新增项目待解决事项', '2019-04-11 02:37:13', '2019-04-11 02:37:13'),
(8, 7, 1, '新增项目待解决事项', '2019-04-15 07:50:09', '2019-04-15 07:50:09'),
(9, 7, 1, '更新待解决问题', '2019-04-15 07:50:23', '2019-04-15 07:50:23'),
(10, 11, 2, '工作流变更', '2019-04-17 02:46:09', '2019-04-17 02:46:09'),
(11, 11, 2, '工作流变更', '2019-04-17 02:46:11', '2019-04-17 02:46:11'),
(12, 11, 2, '新增任务', '2019-04-17 02:56:01', '2019-04-17 02:56:01'),
(13, 11, 1, '工作流变更', '2019-04-22 06:44:00', '2019-04-22 06:44:00'),
(14, 7, 1, '新增任务', '2019-04-22 07:09:14', '2019-04-22 07:09:14'),
(15, 7, 1, '新增每日工作日志', '2019-04-22 07:09:23', '2019-04-22 07:09:23'),
(16, 7, 1, '工作流变更', '2019-05-20 07:41:42', '2019-05-20 07:41:42'),
(17, 7, 1, '工作流变更', '2019-05-20 07:41:44', '2019-05-20 07:41:44'),
(18, 7, 1, '工作流变更', '2019-05-20 07:41:46', '2019-05-20 07:41:46'),
(19, 7, 1, '工作流变更', '2019-05-20 07:41:48', '2019-05-20 07:41:48'),
(20, 7, 1, '修改任务', '2019-05-22 06:23:46', '2019-05-22 06:23:46'),
(21, 7, 1, '新增项目待解决事项', '2019-06-03 06:49:38', '2019-06-03 06:49:38'),
(22, 14, 1, '创建了新项目', '2019-06-18 08:45:17', '2019-06-18 08:45:17'),
(23, 16, 1, '项目信息变更', '2019-06-20 02:11:20', '2019-06-20 02:11:20'),
(24, 16, 1, '项目信息变更', '2019-06-20 02:11:31', '2019-06-20 02:11:31'),
(25, 6, 1, '项目信息变更', '2019-06-20 02:13:09', '2019-06-20 02:13:09'),
(26, 5, 1, '项目信息变更', '2019-06-20 02:33:33', '2019-06-20 02:33:33'),
(27, 1, 1, '项目信息变更', '2019-06-20 06:08:09', '2019-06-20 06:08:09'),
(28, 2, 1, '项目信息变更', '2019-06-20 06:08:25', '2019-06-20 06:08:25'),
(29, 5, 1, '新增每日工作日志', '2019-06-21 02:10:39', '2019-06-21 02:10:39'),
(30, 5, 1, '工作流变更', '2019-06-21 02:11:17', '2019-06-21 02:11:17'),
(31, 5, 1, '工作流变更', '2019-06-21 02:11:19', '2019-06-21 02:11:19'),
(32, 5, 1, '新增每日工作日志', '2019-06-21 02:29:00', '2019-06-21 02:29:00'),
(33, 5, 1, '新增每日工作日志', '2019-06-21 02:29:55', '2019-06-21 02:29:55'),
(34, 5, 1, '新增每日工作日志', '2019-06-21 02:30:29', '2019-06-21 02:30:29'),
(35, 5, 1, '新增每日工作日志', '2019-06-21 02:30:58', '2019-06-21 02:30:58'),
(36, 5, 1, '新增每日工作日志', '2019-06-21 02:31:42', '2019-06-21 02:31:42'),
(37, 5, 1, '新增每日工作日志', '2019-06-21 02:33:35', '2019-06-21 02:33:35'),
(38, 5, 1, '新增每日工作日志', '2019-06-21 02:34:49', '2019-06-21 02:34:49'),
(39, 5, 1, '新增每日工作日志', '2019-06-21 03:10:36', '2019-06-21 03:10:36'),
(40, 5, 1, '新增每日工作日志', '2019-06-21 03:11:28', '2019-06-21 03:11:28'),
(41, 5, 1, '新增每日工作日志', '2019-06-21 03:14:19', '2019-06-21 03:14:19'),
(42, 5, 1, '新增每日工作日志', '2019-06-21 05:21:30', '2019-06-21 05:21:30'),
(43, 5, 1, '新增每日工作日志', '2019-06-21 05:22:04', '2019-06-21 05:22:04'),
(44, 5, 1, '新增每日工作日志', '2019-06-21 05:23:08', '2019-06-21 05:23:08'),
(45, 5, 1, '工作流变更', '2019-06-21 05:23:29', '2019-06-21 05:23:29'),
(46, 5, 1, '工作流变更', '2019-06-21 05:23:31', '2019-06-21 05:23:31'),
(47, 5, 1, '工作流变更', '2019-06-21 05:23:38', '2019-06-21 05:23:38'),
(48, 5, 1, '工作流变更', '2019-06-21 05:23:40', '2019-06-21 05:23:40'),
(49, 5, 1, '新增每日工作日志', '2019-06-21 05:35:43', '2019-06-21 05:35:43'),
(50, 5, 1, '创建工作流程', '2019-06-21 06:11:54', '2019-06-21 06:11:54'),
(51, 5, 1, '创建工作流程', '2019-06-21 06:23:21', '2019-06-21 06:23:21'),
(52, 5, 1, '创建工作流程', '2019-06-21 06:24:16', '2019-06-21 06:24:16'),
(53, 5, 1, '创建工作流程', '2019-06-21 06:27:27', '2019-06-21 06:27:27'),
(54, 15, 1, '项目信息变更', '2019-06-21 06:46:14', '2019-06-21 06:46:14'),
(55, 15, 1, '新增被测件信息', '2019-06-21 07:16:15', '2019-06-21 07:16:15'),
(56, 5, 1, '被测件信息变更', '2019-06-21 07:40:00', '2019-06-21 07:40:00'),
(57, 5, 1, '被测件信息变更', '2019-06-21 07:40:26', '2019-06-21 07:40:26'),
(58, 5, 1, '被测件信息变更', '2019-06-21 07:41:34', '2019-06-21 07:41:34'),
(59, 5, 1, '被测件信息变更', '2019-06-21 07:41:43', '2019-06-21 07:41:43'),
(60, 5, 1, '被测件信息变更', '2019-06-21 07:58:38', '2019-06-21 07:58:38'),
(61, 5, 1, '被测件信息变更', '2019-06-21 07:58:42', '2019-06-21 07:58:42'),
(62, 5, 1, '被测件信息变更', '2019-06-21 07:58:46', '2019-06-21 07:58:46'),
(63, 5, 1, '被测件信息变更', '2019-06-21 07:58:53', '2019-06-21 07:58:53'),
(64, 5, 1, '被测件信息变更', '2019-06-21 09:19:40', '2019-06-21 09:19:40'),
(65, 5, 1, '被测件信息变更', '2019-06-21 09:20:42', '2019-06-21 09:20:42'),
(66, 5, 1, '被测件信息变更', '2019-06-21 09:20:49', '2019-06-21 09:20:49'),
(67, 5, 1, '被测件信息变更', '2019-06-21 09:20:51', '2019-06-21 09:20:51'),
(68, 5, 1, '被测件信息变更', '2019-06-21 09:34:10', '2019-06-21 09:34:10'),
(69, 5, 1, '被测件信息变更', '2019-06-21 10:22:31', '2019-06-21 10:22:31'),
(70, 5, 1, '被测件信息变更', '2019-06-21 10:30:20', '2019-06-21 10:30:20'),
(71, 5, 1, '被测件信息变更', '2019-06-21 10:30:33', '2019-06-21 10:30:33'),
(72, 5, 1, '被测件信息变更', '2019-06-21 10:30:42', '2019-06-21 10:30:42'),
(73, 5, 1, '被测件信息变更', '2019-06-21 10:30:48', '2019-06-21 10:30:48'),
(74, 5, 1, '被测件信息变更', '2019-06-21 10:30:54', '2019-06-21 10:30:54'),
(75, 5, 1, '被测件信息变更', '2019-06-22 07:17:00', '2019-06-22 07:17:00'),
(76, 5, 1, '被测件信息变更', '2019-06-22 07:17:25', '2019-06-22 07:17:25'),
(77, 5, 1, '被测件信息变更', '2019-06-22 07:18:00', '2019-06-22 07:18:00'),
(78, 5, 1, '被测件信息变更', '2019-06-22 07:18:19', '2019-06-22 07:18:19'),
(79, 5, 1, '被测件信息变更', '2019-06-22 07:20:13', '2019-06-22 07:20:13'),
(80, 5, 1, '被测件信息变更', '2019-06-22 07:20:18', '2019-06-22 07:20:18'),
(81, 5, 1, '被测件信息变更', '2019-06-22 07:20:23', '2019-06-22 07:20:23'),
(82, 5, 1, '被测件信息变更', '2019-06-24 06:34:23', '2019-06-24 06:34:23'),
(83, 5, 1, '被测件信息变更', '2019-06-24 06:53:17', '2019-06-24 06:53:17'),
(84, 5, 1, '被测件信息变更', '2019-06-24 06:53:40', '2019-06-24 06:53:40'),
(85, 5, 1, '被测件信息变更', '2019-06-24 06:54:10', '2019-06-24 06:54:10'),
(86, 5, 1, '被测件信息变更', '2019-06-24 06:54:56', '2019-06-24 06:54:56'),
(87, 5, 1, '被测件信息变更', '2019-06-24 06:55:03', '2019-06-24 06:55:03'),
(88, 5, 1, '被测件信息变更', '2019-06-24 06:55:10', '2019-06-24 06:55:10'),
(89, 5, 1, '被测件信息变更', '2019-06-24 06:55:45', '2019-06-24 06:55:45'),
(90, 5, 1, '被测件信息变更', '2019-06-24 06:56:26', '2019-06-24 06:56:26'),
(91, 5, 1, '被测件信息变更', '2019-06-24 06:56:55', '2019-06-24 06:56:55'),
(92, 5, 1, '被测件信息变更', '2019-06-24 06:58:16', '2019-06-24 06:58:16'),
(93, 5, 1, '被测件信息变更', '2019-06-24 07:00:10', '2019-06-24 07:00:10'),
(94, 5, 1, '被测件信息变更', '2019-06-24 08:04:59', '2019-06-24 08:04:59'),
(95, 5, 1, '项目信息变更', '2019-06-24 08:08:52', '2019-06-24 08:08:52'),
(96, 5, 1, '项目信息变更', '2019-06-24 08:09:23', '2019-06-24 08:09:23'),
(97, 5, 1, '被测件信息变更', '2019-06-24 08:21:00', '2019-06-24 08:21:00'),
(98, 5, 1, '项目信息变更', '2019-06-24 08:21:06', '2019-06-24 08:21:06'),
(99, 5, 1, '项目信息变更', '2019-06-24 08:21:20', '2019-06-24 08:21:20'),
(100, 5, 1, '项目信息变更', '2019-06-24 08:22:27', '2019-06-24 08:22:27'),
(101, 5, 1, '项目信息变更', '2019-06-24 08:25:14', '2019-06-24 08:25:14'),
(102, 5, 1, '项目信息变更', '2019-06-24 08:26:30', '2019-06-24 08:26:30'),
(103, 5, 1, '项目信息变更', '2019-06-24 08:28:36', '2019-06-24 08:28:36'),
(104, 5, 1, '项目信息变更', '2019-06-24 08:28:42', '2019-06-24 08:28:42'),
(105, 5, 1, '项目信息变更', '2019-06-25 01:20:15', '2019-06-25 01:20:15'),
(106, 5, 1, '项目信息变更', '2019-06-25 01:20:25', '2019-06-25 01:20:25'),
(107, 5, 1, '项目信息变更', '2019-06-25 01:20:33', '2019-06-25 01:20:33'),
(108, 5, 1, '项目信息变更', '2019-06-25 01:20:39', '2019-06-25 01:20:39'),
(109, 5, 1, '项目信息变更', '2019-06-25 01:20:45', '2019-06-25 01:20:45'),
(110, 18, 1, '创建了新项目', '2019-06-25 02:36:27', '2019-06-25 02:36:27'),
(111, 1, 1, '项目信息变更', '2019-06-28 08:24:19', '2019-06-28 08:24:19'),
(112, 1, 1, '项目信息变更', '2019-06-28 08:24:19', '2019-06-28 08:24:19'),
(113, 27, 1, '创建了新项目', '2019-07-04 02:53:13', '2019-07-04 02:53:13'),
(114, 28, 1, '创建了新项目', '2019-07-04 02:53:54', '2019-07-04 02:53:54'),
(115, 29, 1, '创建工作流程', '2019-07-16 10:41:44', '2019-07-16 10:41:44'),
(116, 29, 1, '工作流变更', '2019-07-16 14:29:18', '2019-07-16 14:29:18'),
(117, 29, 1, '工作流变更', '2019-07-16 14:30:26', '2019-07-16 14:30:26'),
(118, 1, 15, '创建工作流程', '2019-07-17 02:11:12', '2019-07-17 02:11:12'),
(119, 1, 15, '工作流变更', '2019-07-17 06:15:36', '2019-07-17 06:15:36'),
(120, 1, 15, '新增任务', '2019-07-17 06:15:50', '2019-07-17 06:15:50'),
(121, 1, 15, '工作流变更', '2019-07-17 06:17:09', '2019-07-17 06:17:09'),
(122, 1, 15, '工作流变更', '2019-07-17 06:17:11', '2019-07-17 06:17:11'),
(123, 1, 15, '新增项目待解决事项', '2019-07-17 06:25:27', '2019-07-17 06:25:27'),
(124, 1, 15, '工作流变更', '2019-07-17 06:25:38', '2019-07-17 06:25:38'),
(125, 1, 15, '工作流变更', '2019-07-17 06:25:42', '2019-07-17 06:25:42'),
(126, 1, 15, '工作流变更', '2019-07-17 06:25:52', '2019-07-17 06:25:52'),
(127, 1, 15, '工作流变更', '2019-07-17 06:25:55', '2019-07-17 06:25:55'),
(128, 1, 15, '工作流变更', '2019-07-17 06:26:06', '2019-07-17 06:26:06'),
(129, 1, 15, '新增项目待解决事项', '2019-07-17 07:05:53', '2019-07-17 07:05:53'),
(130, 1, 15, '更新待解决问题', '2019-07-17 07:05:57', '2019-07-17 07:05:57'),
(131, 1, 15, '更新待解决问题', '2019-07-17 07:07:13', '2019-07-17 07:07:13'),
(132, 1, 15, '新增任务', '2019-07-17 07:40:59', '2019-07-17 07:40:59'),
(133, 1, 15, '工作流变更', '2019-07-17 08:11:02', '2019-07-17 08:11:02'),
(134, 1, 15, '工作流变更', '2019-07-17 08:12:40', '2019-07-17 08:12:40'),
(135, 1, 15, '修改任务', '2019-07-17 08:13:14', '2019-07-17 08:13:14'),
(136, 1, 15, '新增任务', '2019-07-17 08:17:15', '2019-07-17 08:17:15'),
(137, 1, 15, '新增任务', '2019-07-17 08:17:31', '2019-07-17 08:17:31'),
(138, 1, 15, '新增任务', '2019-07-17 08:17:36', '2019-07-17 08:17:36'),
(139, 1, 15, '修改任务', '2019-07-17 08:18:38', '2019-07-17 08:18:38'),
(140, 1, 15, '工作流变更', '2019-07-17 08:18:58', '2019-07-17 08:18:58'),
(141, 1, 15, '工作流变更', '2019-07-17 08:19:06', '2019-07-17 08:19:06'),
(142, 1, 15, '工作流变更', '2019-07-17 09:11:52', '2019-07-17 09:11:52'),
(143, 1, 15, '工作流变更', '2019-07-17 09:11:54', '2019-07-17 09:11:54'),
(144, 1, 15, '工作流变更', '2019-07-17 09:11:56', '2019-07-17 09:11:56'),
(145, 1, 15, '工作流变更', '2019-07-17 09:17:20', '2019-07-17 09:17:20'),
(146, 1, 15, '工作流变更', '2019-07-17 09:17:22', '2019-07-17 09:17:22'),
(147, 1, 15, '工作流变更', '2019-07-17 09:17:24', '2019-07-17 09:17:24'),
(148, 1, 15, '工作流变更', '2019-07-17 09:50:05', '2019-07-17 09:50:05'),
(149, 1, 15, '工作流变更', '2019-07-17 09:50:08', '2019-07-17 09:50:08'),
(150, 1, 15, '工作流变更', '2019-07-17 09:56:43', '2019-07-17 09:56:43'),
(151, 1, 15, '工作流变更', '2019-07-17 09:56:56', '2019-07-17 09:56:56'),
(152, 1, 15, '工作流变更', '2019-07-17 09:57:15', '2019-07-17 09:57:15'),
(153, 1, 15, '工作流变更', '2019-07-17 09:57:18', '2019-07-17 09:57:18'),
(154, 1, 15, '工作流变更', '2019-07-17 09:57:21', '2019-07-17 09:57:21'),
(155, 1, 15, '工作流变更', '2019-07-17 09:57:24', '2019-07-17 09:57:24'),
(156, 1, 15, '工作流变更', '2019-07-17 09:57:26', '2019-07-17 09:57:26'),
(157, 1, 15, '工作流变更', '2019-07-17 09:57:28', '2019-07-17 09:57:28'),
(158, 1, 15, '工作流变更', '2019-07-17 10:24:18', '2019-07-17 10:24:18'),
(159, 1, 15, '工作流变更', '2019-07-17 10:24:23', '2019-07-17 10:24:23'),
(160, 1, 15, '工作流变更', '2019-07-17 10:24:27', '2019-07-17 10:24:27'),
(161, 1, 15, '工作流变更', '2019-07-17 10:24:29', '2019-07-17 10:24:29'),
(162, 1, 15, '工作流变更', '2019-07-17 10:24:35', '2019-07-17 10:24:35'),
(163, 1, 15, '工作流变更', '2019-07-17 10:24:37', '2019-07-17 10:24:37'),
(164, 1, 15, '工作流变更', '2019-07-17 10:24:39', '2019-07-17 10:24:39'),
(165, 1, 15, '工作流变更', '2019-07-17 10:24:43', '2019-07-17 10:24:43'),
(166, 1, 15, '工作流变更', '2019-07-17 10:25:21', '2019-07-17 10:25:21'),
(167, 1, 15, '工作流变更', '2019-07-17 10:25:23', '2019-07-17 10:25:23'),
(168, 1, 15, '工作流变更', '2019-07-17 10:26:38', '2019-07-17 10:26:38'),
(169, 1, 15, '工作流变更', '2019-07-17 10:26:42', '2019-07-17 10:26:42'),
(170, 1, 15, '工作流变更', '2019-07-17 10:26:46', '2019-07-17 10:26:46'),
(171, 1, 15, '工作流变更', '2019-07-17 10:52:08', '2019-07-17 10:52:08'),
(172, 1, 15, '工作流变更', '2019-07-17 10:54:25', '2019-07-17 10:54:25'),
(173, 1, 15, '工作流变更', '2019-07-17 10:54:29', '2019-07-17 10:54:29'),
(174, 1, 15, '工作流变更', '2019-07-17 10:56:53', '2019-07-17 10:56:53'),
(175, 1, 15, '工作流变更', '2019-07-17 11:08:04', '2019-07-17 11:08:04'),
(176, 1, 15, '工作流变更', '2019-07-17 11:08:07', '2019-07-17 11:08:07'),
(177, 1, 15, '工作流变更', '2019-07-17 11:08:12', '2019-07-17 11:08:12'),
(178, 1, 15, '工作流变更', '2019-07-17 11:20:57', '2019-07-17 11:20:57'),
(179, 1, 15, '工作流变更', '2019-07-17 11:21:01', '2019-07-17 11:21:01'),
(180, 1, 15, '工作流变更', '2019-07-17 11:21:04', '2019-07-17 11:21:04'),
(181, 1, 15, '工作流变更', '2019-07-17 11:21:06', '2019-07-17 11:21:06'),
(182, 1, 15, '工作流变更', '2019-07-17 11:22:20', '2019-07-17 11:22:20'),
(183, 1, 15, '工作流变更', '2019-07-17 11:22:22', '2019-07-17 11:22:22'),
(184, 1, 15, '工作流变更', '2019-07-17 11:22:25', '2019-07-17 11:22:25'),
(185, 1, 15, '工作流变更', '2019-07-17 11:22:28', '2019-07-17 11:22:28'),
(186, 1, 15, '工作流变更', '2019-07-17 11:22:32', '2019-07-17 11:22:32'),
(187, 1, 15, '工作流变更', '2019-07-17 11:22:34', '2019-07-17 11:22:34'),
(188, 1, 15, '修改任务', '2019-07-17 11:23:37', '2019-07-17 11:23:37'),
(189, 1, 15, '新增任务', '2019-07-17 11:23:42', '2019-07-17 11:23:42'),
(190, 1, 15, '修改任务', '2019-07-17 11:23:47', '2019-07-17 11:23:47'),
(191, 1, 15, '修改任务', '2019-07-17 11:23:57', '2019-07-17 11:23:57'),
(192, 1, 15, '修改任务', '2019-07-17 11:24:27', '2019-07-17 11:24:27'),
(193, 1, 15, '工作流变更', '2019-07-17 11:27:38', '2019-07-17 11:27:38'),
(194, 1, 15, '工作流变更', '2019-07-17 11:27:42', '2019-07-17 11:27:42'),
(195, 1, 15, '工作流变更', '2019-07-17 11:27:47', '2019-07-17 11:27:47'),
(196, 1, 15, '修改任务', '2019-07-17 11:27:58', '2019-07-17 11:27:58'),
(197, 1, 15, '工作流变更', '2019-07-17 11:28:01', '2019-07-17 11:28:01'),
(198, 1, 15, '工作流变更', '2019-07-17 11:34:14', '2019-07-17 11:34:14'),
(199, 1, 15, '工作流变更', '2019-07-17 11:34:16', '2019-07-17 11:34:16'),
(200, 1, 15, '工作流变更', '2019-07-17 11:34:18', '2019-07-17 11:34:18'),
(201, 1, 15, '工作流变更', '2019-07-17 11:34:22', '2019-07-17 11:34:22'),
(202, 2, 15, '创建工作流程', '2019-07-17 11:57:26', '2019-07-17 11:57:26'),
(203, 2, 15, '工作流变更', '2019-07-17 11:57:31', '2019-07-17 11:57:31'),
(204, 2, 15, '工作流变更', '2019-07-17 11:57:35', '2019-07-17 11:57:35'),
(205, 2, 15, '新增任务', '2019-07-17 11:57:54', '2019-07-17 11:57:54'),
(206, 2, 15, '新增任务', '2019-07-17 11:58:01', '2019-07-17 11:58:01'),
(207, 2, 15, '工作流变更', '2019-07-17 11:58:09', '2019-07-17 11:58:09'),
(208, 28, 1, '新增任务', '2019-07-25 06:11:45', '2019-07-25 06:11:45');

-- --------------------------------------------------------

--
-- Table structure for table `pvstate`
--

CREATE TABLE `pvstate` (
  `id` int(10) UNSIGNED NOT NULL,
  `employee_id` int(11) NOT NULL,
  `program_id` int(11) NOT NULL,
  `is_read` tinyint(1) NOT NULL,
  `created_at` timestamp NOT NULL DEFAULT '0000-00-00 00:00:00',
  `updated_at` timestamp NOT NULL DEFAULT '0000-00-00 00:00:00'
) ENGINE=InnoDB DEFAULT CHARSET=utf8 COLLATE=utf8_unicode_ci;

--
-- Dumping data for table `pvstate`
--

INSERT INTO `pvstate` (`id`, `employee_id`, `program_id`, `is_read`, `created_at`, `updated_at`) VALUES
(1, 1, 5, 1, '2019-04-10 06:12:56', '2019-04-10 06:12:56'),
(2, 2, 5, 1, '2019-04-10 06:12:56', '2019-06-25 03:19:27'),
(3, 8, 7, 0, '2019-04-10 06:12:56', '2019-04-10 06:12:56'),
(4, 2, 11, 1, '2019-04-11 02:34:55', '2019-06-25 03:19:33'),
(5, 1, 11, 1, '2019-04-11 02:34:55', '2019-04-22 05:32:25'),
(6, 10, 11, 0, '2019-04-11 02:34:55', '2019-04-11 02:34:55'),
(7, 7, 11, 0, '2019-04-11 02:34:55', '2019-04-11 02:34:55'),
(8, 1, 14, 1, '2019-06-18 08:45:17', '2019-06-18 08:45:17'),
(9, 2, 14, 1, '2019-06-18 08:45:17', '2019-06-25 03:19:37'),
(10, 5, 14, 0, '2019-06-18 08:45:17', '2019-06-18 08:45:17'),
(11, 10, 14, 0, '2019-06-18 08:45:17', '2019-06-18 08:45:17'),
(12, 11, 5, 0, '2019-06-18 08:45:17', '2019-06-18 08:45:17'),
(13, 1, 18, 1, '2019-06-25 02:36:27', '2019-06-25 02:36:27'),
(14, 2, 18, 1, '2019-06-25 02:36:27', '2019-06-25 03:19:41'),
(15, 8, 18, 0, '2019-06-25 02:36:27', '2019-06-25 02:36:27'),
(16, 2, 27, 0, '2019-07-04 02:53:13', '2019-07-04 02:53:13'),
(17, 1, 27, 1, '2019-07-04 02:53:13', '2019-07-04 02:53:13'),
(18, 11, 27, 0, '2019-07-04 02:53:13', '2019-07-04 02:53:13'),
(19, 1, 28, 1, '2019-07-04 02:53:54', '2019-07-04 02:53:54'),
(20, 2, 28, 0, '2019-07-04 02:53:54', '2019-07-04 02:53:54'),
(21, 11, 28, 0, '2019-07-04 02:53:54', '2019-07-04 02:53:54');

-- --------------------------------------------------------

--
-- Table structure for table `software_info`
--

CREATE TABLE `software_info` (
  `id` int(10) UNSIGNED NOT NULL,
  `program_id` int(11) NOT NULL,
  `version_id` varchar(100) COLLATE utf8_unicode_ci NOT NULL,
  `name` varchar(255) COLLATE utf8_unicode_ci NOT NULL,
  `size` varchar(255) COLLATE utf8_unicode_ci NOT NULL,
  `complier` varchar(255) COLLATE utf8_unicode_ci NOT NULL,
  `runtime` varchar(255) COLLATE utf8_unicode_ci NOT NULL,
  `reduced_code_size` varchar(255) COLLATE utf8_unicode_ci NOT NULL,
  `reduced_reason` varchar(255) COLLATE utf8_unicode_ci NOT NULL,
  `software_type` varchar(255) COLLATE utf8_unicode_ci NOT NULL,
  `software_usage` varchar(255) COLLATE utf8_unicode_ci NOT NULL,
  `code_langu` varchar(255) COLLATE utf8_unicode_ci NOT NULL,
  `cpu_type` varchar(255) COLLATE utf8_unicode_ci NOT NULL,
  `software_cate` varchar(255) COLLATE utf8_unicode_ci NOT NULL,
  `software_sub_cate` varchar(255) COLLATE utf8_unicode_ci NOT NULL,
  `info_typer_id` int(11) NOT NULL,
  `created_at` timestamp NOT NULL DEFAULT '0000-00-00 00:00:00',
  `updated_at` timestamp NOT NULL DEFAULT '0000-00-00 00:00:00'
) ENGINE=InnoDB DEFAULT CHARSET=utf8 COLLATE=utf8_unicode_ci;

--
-- Dumping data for table `software_info`
--

INSERT INTO `software_info` (`id`, `program_id`, `version_id`, `name`, `size`, `complier`, `runtime`, `reduced_code_size`, `reduced_reason`, `software_type`, `software_usage`, `code_langu`, `cpu_type`, `software_cate`, `software_sub_cate`, `info_typer_id`, `created_at`, `updated_at`) VALUES
(1, 7, '0.0', '', '', '', '', '', '', '', '', '', '', '', '', 1, '2019-04-10 06:12:33', '2019-04-10 06:12:33'),
(2, 5, 'aaa213123', '41231311111111dsfa;sasdkjfaskjfasdfjsadkjfasdsadfa', '中', 'IED2', 'RUNTIME B', 'fjasfjasdkfasfjasdf', '12312312312412312312412312312312', '机密', '弹上', 'C', 'cpu2', '', '综合控制', 1, '2019-04-11 02:33:07', '2019-06-24 08:21:00'),
(3, 11, '0.0', '', '', '', '', '', '', '', '', '', '', '', '', 1, '2019-04-11 02:34:55', '2019-04-11 02:34:55'),
(4, 14, '0.0', '1', '', '', '', '', '', '', '', '', '', '', '', 1, '2019-06-18 08:45:17', '2019-06-18 08:45:17'),
(5, 15, '0', '123', '', '', '', '', '', '', '', '', '', '', '', 1, '2019-06-21 07:16:15', '2019-06-21 07:16:15'),
(6, 18, '0', '1', '', '', '', '', '', '', '', '', '', '', '', 1, '2019-06-25 02:36:27', '2019-06-25 02:36:27'),
(7, 20, '', '飞行控制软件', '', '', 'spack v8', '13', '', 'A', '', 'c', '', '嵌入式', '飞控', 1, '2019-06-28 05:45:19', '2019-06-28 05:45:19'),
(8, 21, '', '飞行控制软件', '', '', 'spack v8', '13', '', 'A', '', 'c', '', '嵌入式', '飞控', 1, '2019-06-28 05:45:42', '2019-06-28 05:45:42'),
(9, 22, '', '飞行控制软件', '', '', 'spack v8', '13', '', 'A', '', 'c', '', '嵌入式', '飞控', 1, '2019-06-28 05:46:47', '2019-06-28 05:46:47'),
(10, 23, '', '飞行控制软件', '', '', 'spack v8', '13', '', 'A', '', 'c', '', '嵌入式', '飞控', 1, '2019-06-28 05:51:00', '2019-06-28 05:51:00'),
(11, 24, '', '飞行控制软件', '', '', 'spack v8', '13', '', 'A', '', 'c', '', '嵌入式', '飞控', 1, '2019-06-28 05:53:40', '2019-06-28 05:53:40'),
(12, 25, '', '飞行控制软件', '', '', 'spack v8', '13', '', 'A', '', 'c', '', '嵌入式', '飞控', 1, '2019-06-28 05:55:01', '2019-06-28 05:55:01'),
(13, 26, '', '飞行控制软件', '', '', 'spack v8', '13', '', 'A', '', 'c', '', '嵌入式', '飞控', 1, '2019-06-28 05:55:19', '2019-06-28 05:55:19'),
(14, 27, '', '飞行控制软件', '', '', 'spack v8', '13', '', 'A', '', 'c', '', '嵌入式', '飞控', 1, '2019-06-28 05:55:50', '2019-06-28 05:55:50'),
(15, 28, '', '飞行控制软件', '', '', 'spack v8', '13', '', 'A', '', 'c', '', '嵌入式', '飞控', 1, '2019-06-28 06:00:08', '2019-06-28 06:00:08'),
(16, 29, '', '飞行控制软件', '', '', 'spack v9', '14', '', 'A', '', 'c', '', '嵌入式', '飞控', 1, '2019-06-28 06:00:08', '2019-06-28 06:00:08'),
(17, 30, '', '飞行控制软件', '', '', 'spack v10', '15', '', 'A', '', 'c', '', '嵌入式', '飞控', 1, '2019-06-28 06:00:08', '2019-06-28 06:00:08'),
(18, 31, '', '飞行控制软件', '', '', 'spack v11', '16', '', 'A', '', 'c', '', '嵌入式', '飞控', 1, '2019-06-28 06:00:08', '2019-06-28 06:00:08'),
(19, 32, '', '飞行控制软件', '', '', 'spack v12', '17', '', 'A', '', 'c', '', '嵌入式', '飞控', 1, '2019-06-28 06:00:08', '2019-06-28 06:00:08'),
(20, 33, '', '飞行控制软件', '', '', 'spack v13', '18', '', 'A', '', 'c', '', '嵌入式', '飞控', 1, '2019-06-28 06:00:08', '2019-06-28 06:00:08'),
(21, 34, '', '飞行控制软件', '', '', 'spack v14', '19', '', 'A', '', 'c', '', '嵌入式', '飞控', 1, '2019-06-28 06:00:08', '2019-06-28 06:00:08'),
(22, 35, '', '飞行控制软件', '', '', 'spack v15', '20', '', 'A', '', 'c', '', '嵌入式', '飞控', 1, '2019-06-28 06:00:08', '2019-06-28 06:00:08'),
(23, 36, '', '飞行控制软件', '', '', 'spack v16', '21', '', 'A', '', 'c', '', '嵌入式', '飞控', 1, '2019-06-28 06:00:08', '2019-06-28 06:00:08'),
(24, 37, '', '飞行控制软件', '', '', 'spack v17', '22', '', 'A', '', 'c', '', '嵌入式', '飞控', 1, '2019-06-28 06:00:08', '2019-06-28 06:00:08'),
(25, 38, '', '飞行控制软件', '', '', 'spack v17', '22', '', 'A', '', 'c', '', '嵌入式', '飞控', 1, '2019-06-28 06:00:08', '2019-06-28 06:00:08'),
(26, 39, '', '飞行控制软件', '', '', 'spack v8', '13', '', 'A', '', 'c', '', '嵌入式', '飞控', 1, '2019-06-28 06:02:06', '2019-06-28 06:02:06'),
(27, 40, '', '飞行控制软件', '', '', 'spack v9', '14', '', 'A', '', 'c', '', '嵌入式', '飞控', 1, '2019-06-28 06:04:34', '2019-06-28 06:04:34'),
(28, 41, '', '飞行控制软件', '', '', 'spack v10', '15', '', 'A', '', 'c', '', '嵌入式', '飞控', 1, '2019-06-28 06:04:34', '2019-06-28 06:04:34'),
(29, 42, '', '飞行控制软件', '', '', 'spack v11', '16', '', 'A', '', 'c', '', '嵌入式', '飞控', 1, '2019-06-28 06:04:34', '2019-06-28 06:04:34'),
(30, 43, '', '飞行控制软件', '', '', 'spack v12', '17', '', 'A', '', 'c', '', '嵌入式', '飞控', 1, '2019-06-28 06:04:34', '2019-06-28 06:04:34'),
(31, 44, '', '飞行控制软件', '', '', 'spack v13', '18', '', 'A', '', 'c', '', '嵌入式', '飞控', 1, '2019-06-28 06:04:34', '2019-06-28 06:04:34'),
(32, 45, '', '飞行控制软件', '', '', 'spack v14', '19', '', 'A', '', 'c', '', '嵌入式', '飞控', 1, '2019-06-28 06:04:34', '2019-06-28 06:04:34'),
(33, 46, '', '飞行控制软件', '', '', 'spack v15', '20', '', 'A', '', 'c', '', '嵌入式', '飞控', 1, '2019-06-28 06:04:34', '2019-06-28 06:04:34'),
(34, 47, '', '飞行控制软件', '', '', 'spack v16', '21', '', 'A', '', 'c', '', '嵌入式', '飞控', 1, '2019-06-28 06:04:34', '2019-06-28 06:04:34'),
(35, 48, '', '飞行控制软件', '', '', 'spack v17', '22', '', 'A', '', 'c', '', '嵌入式', '飞控', 1, '2019-06-28 06:04:34', '2019-06-28 06:04:34'),
(36, 49, '', '', '', '', '', '', '', '', '', '', '', '', '', 1, '2019-06-28 06:04:34', '2019-06-28 06:04:34'),
(37, 50, '', '飞行控制软件', '', '', 'spack v8', '13', '', 'A', '', 'c', '', '嵌入式', '飞控', 1, '2019-06-28 06:05:16', '2019-06-28 06:05:16'),
(38, 51, '', '飞行控制软件', '', '', 'spack v9', '14', '', 'A', '', 'c', '', '嵌入式', '飞控', 1, '2019-06-28 06:05:16', '2019-06-28 06:05:16'),
(39, 52, '', '飞行控制软件', '', '', 'spack v10', '15', '', 'A', '', 'c', '', '嵌入式', '飞控', 1, '2019-06-28 06:05:16', '2019-06-28 06:05:16'),
(40, 53, '', '飞行控制软件', '', '', 'spack v11', '16', '', 'A', '', 'c', '', '嵌入式', '飞控', 1, '2019-06-28 06:05:16', '2019-06-28 06:05:16'),
(41, 54, '', '飞行控制软件', '', '', 'spack v12', '17', '', 'A', '', 'c', '', '嵌入式', '飞控', 1, '2019-06-28 06:05:16', '2019-06-28 06:05:16'),
(42, 55, '', '飞行控制软件', '', '', 'spack v13', '18', '', 'A', '', 'c', '', '嵌入式', '飞控', 1, '2019-06-28 06:05:16', '2019-06-28 06:05:16'),
(43, 56, '', '飞行控制软件', '', '', 'spack v14', '19', '', 'A', '', 'c', '', '嵌入式', '飞控', 1, '2019-06-28 06:05:16', '2019-06-28 06:05:16'),
(44, 57, '', '飞行控制软件', '', '', 'spack v15', '20', '', 'A', '', 'c', '', '嵌入式', '飞控', 1, '2019-06-28 06:05:16', '2019-06-28 06:05:16'),
(45, 58, '', '飞行控制软件', '', '', 'spack v16', '21', '', 'A', '', 'c', '', '嵌入式', '飞控', 1, '2019-06-28 06:05:16', '2019-06-28 06:05:16'),
(46, 59, '', '飞行控制软件', '', '', 'spack v17', '22', '', 'A', '', 'c', '', '嵌入式', '飞控', 1, '2019-06-28 06:05:16', '2019-06-28 06:05:16'),
(47, 60, '', '', '', '', '', '', '', '', '', '', '', '', '', 1, '2019-06-28 06:05:16', '2019-06-28 06:05:16'),
(48, 61, '', '飞行控制软件', '', '', 'spack v8', '13', '', 'A', '', 'c', '', '嵌入式', '飞控', 1, '2019-06-28 06:06:09', '2019-06-28 06:06:09'),
(49, 62, '', '飞行控制软件', '', '', 'spack v9', '14', '', 'A', '', 'c', '', '嵌入式', '飞控', 1, '2019-06-28 06:06:09', '2019-06-28 06:06:09'),
(50, 63, '', '飞行控制软件', '', '', 'spack v10', '15', '', 'A', '', 'c', '', '嵌入式', '飞控', 1, '2019-06-28 06:06:09', '2019-06-28 06:06:09'),
(51, 64, '', '飞行控制软件', '', '', 'spack v11', '16', '', 'A', '', 'c', '', '嵌入式', '飞控', 1, '2019-06-28 06:06:09', '2019-06-28 06:06:09'),
(52, 65, '', '飞行控制软件', '', '', 'spack v12', '17', '', 'A', '', 'c', '', '嵌入式', '飞控', 1, '2019-06-28 06:06:09', '2019-06-28 06:06:09'),
(53, 66, '', '飞行控制软件', '', '', 'spack v13', '18', '', 'A', '', 'c', '', '嵌入式', '飞控', 1, '2019-06-28 06:06:09', '2019-06-28 06:06:09'),
(54, 67, '', '飞行控制软件', '', '', 'spack v14', '19', '', 'A', '', 'c', '', '嵌入式', '飞控', 1, '2019-06-28 06:06:09', '2019-06-28 06:06:09'),
(55, 68, '', '飞行控制软件', '', '', 'spack v15', '20', '', 'A', '', 'c', '', '嵌入式', '飞控', 1, '2019-06-28 06:06:09', '2019-06-28 06:06:09'),
(56, 69, '', '飞行控制软件', '', '', 'spack v16', '21', '', 'A', '', 'c', '', '嵌入式', '飞控', 1, '2019-06-28 06:06:09', '2019-06-28 06:06:09'),
(57, 70, '', '飞行控制软件', '', '', 'spack v17', '22', '', 'A', '', 'c', '', '嵌入式', '飞控', 1, '2019-06-28 06:06:09', '2019-06-28 06:06:09'),
(58, 71, '', '', '', '', '', '', '', '', '', '', '', '', '', 1, '2019-06-28 06:06:09', '2019-06-28 06:06:09'),
(59, 72, '', '飞行控制软件', '', '', 'spack v8', '13', '', 'A', '', 'c', '', '嵌入式', '飞控', 1, '2019-06-28 06:09:13', '2019-06-28 06:09:13'),
(60, 73, '', '飞行控制软件', '', '', 'spack v9', '14', '', 'A', '', 'c', '', '嵌入式', '飞控', 1, '2019-06-28 06:09:19', '2019-06-28 06:09:19'),
(61, 74, '', '飞行控制软件', '', '', 'spack v10', '15', '', 'A', '', 'c', '', '嵌入式', '飞控', 1, '2019-06-28 06:09:20', '2019-06-28 06:09:20'),
(62, 75, '', '飞行控制软件', '', '', 'spack v11', '16', '', 'A', '', 'c', '', '嵌入式', '飞控', 1, '2019-06-28 06:09:39', '2019-06-28 06:09:39'),
(63, 76, '', '飞行控制软件', '', '', 'spack v12', '17', '', 'A', '', 'c', '', '嵌入式', '飞控', 1, '2019-06-28 06:09:41', '2019-06-28 06:09:41'),
(64, 77, '', '飞行控制软件', '', '', 'spack v13', '18', '', 'A', '', 'c', '', '嵌入式', '飞控', 1, '2019-06-28 06:09:42', '2019-06-28 06:09:42'),
(65, 78, '', '飞行控制软件', '', '', 'spack v14', '19', '', 'A', '', 'c', '', '嵌入式', '飞控', 1, '2019-06-28 06:09:43', '2019-06-28 06:09:43'),
(66, 79, '', '飞行控制软件', '', '', 'spack v15', '20', '', 'A', '', 'c', '', '嵌入式', '飞控', 1, '2019-06-28 06:09:43', '2019-06-28 06:09:43'),
(67, 80, '', '飞行控制软件', '', '', 'spack v16', '21', '', 'A', '', 'c', '', '嵌入式', '飞控', 1, '2019-06-28 06:09:44', '2019-06-28 06:09:44'),
(68, 81, '', '飞行控制软件', '', '', 'spack v17', '22', '', 'A', '', 'c', '', '嵌入式', '飞控', 1, '2019-06-28 06:09:45', '2019-06-28 06:09:45'),
(69, 82, '', '', '', '', '', '', '', '', '', '', '', '', '', 1, '2019-06-28 06:09:45', '2019-06-28 06:09:45'),
(70, 88, '', '飞行控制软件', '', '', 'spack v8', '13', '', 'A', '', 'c', '', '嵌入式', '飞控', 1, '2019-06-28 06:44:47', '2019-06-28 06:44:47'),
(71, 89, '', '飞行控制软件', '', '', 'spack v9', '14', '', 'A', '', 'c', '', '嵌入式', '飞控', 1, '2019-06-28 06:44:53', '2019-06-28 06:44:53'),
(72, 90, '', '飞行控制软件', '', '', 'spack v8', '13', '', 'A', '', 'c', '', '嵌入式', '飞控', 1, '2019-06-28 06:45:32', '2019-06-28 06:45:32'),
(73, 91, '', '飞行控制软件', '', '', 'spack v9', '14', '', 'A', '', 'c', '', '嵌入式', '飞控', 1, '2019-06-28 06:45:59', '2019-06-28 06:45:59'),
(74, 92, '', '飞行控制软件', '', '', 'spack v10', '15', '', 'A', '', 'c', '', '嵌入式', '飞控', 1, '2019-06-28 06:46:05', '2019-06-28 06:46:05'),
(75, 93, '', '飞行控制软件', '', '', 'spack v11', '16', '', 'A', '', 'c', '', '嵌入式', '飞控', 1, '2019-06-28 06:46:05', '2019-06-28 06:46:05'),
(76, 94, '', '飞行控制软件', '', '', 'spack v12', '17', '', 'A', '', 'c', '', '嵌入式', '飞控', 1, '2019-06-28 06:46:06', '2019-06-28 06:46:06'),
(77, 95, '', '飞行控制软件', '', '', 'spack v13', '18', '', 'A', '', 'c', '', '嵌入式', '飞控', 1, '2019-06-28 06:46:06', '2019-06-28 06:46:06'),
(78, 96, '', '飞行控制软件', '', '', 'spack v14', '19', '', 'A', '', 'c', '', '嵌入式', '飞控', 1, '2019-06-28 06:46:06', '2019-06-28 06:46:06'),
(79, 97, '', '飞行控制软件', '', '', 'spack v15', '20', '', 'A', '', 'c', '', '嵌入式', '飞控', 1, '2019-06-28 06:46:07', '2019-06-28 06:46:07'),
(80, 98, '', '飞行控制软件', '', '', 'spack v16', '21', '', 'A', '', 'c', '', '嵌入式', '飞控', 1, '2019-06-28 06:46:07', '2019-06-28 06:46:07'),
(81, 99, '', '飞行控制软件', '', '', 'spack v17', '22', '', 'A', '', 'c', '', '嵌入式', '飞控', 1, '2019-06-28 06:46:09', '2019-06-28 06:46:09'),
(82, 100, '', '', '', '', '', '', '', '', '', '', '', '', '', 1, '2019-06-28 06:46:09', '2019-06-28 06:46:09'),
(83, 101, '', '飞行控制软件', '', '', 'spack v8', '13', '', 'A', '', 'c', '', '嵌入式', '飞控', 1, '2019-06-28 06:46:29', '2019-06-28 06:46:29'),
(84, 102, '', '飞行控制软件', '', '', 'spack v9', '14', '', 'A', '', 'c', '', '嵌入式', '飞控', 1, '2019-06-28 06:46:29', '2019-06-28 06:46:29'),
(85, 103, '', '飞行控制软件', '', '', 'spack v10', '15', '', 'A', '', 'c', '', '嵌入式', '飞控', 1, '2019-06-28 06:46:29', '2019-06-28 06:46:29'),
(86, 104, '', '飞行控制软件', '', '', 'spack v11', '16', '', 'A', '', 'c', '', '嵌入式', '飞控', 1, '2019-06-28 06:46:29', '2019-06-28 06:46:29'),
(87, 105, '', '飞行控制软件', '', '', 'spack v12', '17', '', 'A', '', 'c', '', '嵌入式', '飞控', 1, '2019-06-28 06:46:29', '2019-06-28 06:46:29'),
(88, 106, '', '飞行控制软件', '', '', 'spack v13', '18', '', 'A', '', 'c', '', '嵌入式', '飞控', 1, '2019-06-28 06:46:29', '2019-06-28 06:46:29'),
(89, 107, '', '飞行控制软件', '', '', 'spack v14', '19', '', 'A', '', 'c', '', '嵌入式', '飞控', 1, '2019-06-28 06:46:29', '2019-06-28 06:46:29'),
(90, 108, '', '飞行控制软件', '', '', 'spack v15', '20', '', 'A', '', 'c', '', '嵌入式', '飞控', 1, '2019-06-28 06:46:29', '2019-06-28 06:46:29'),
(91, 109, '', '飞行控制软件', '', '', 'spack v16', '21', '', 'A', '', 'c', '', '嵌入式', '飞控', 1, '2019-06-28 06:46:29', '2019-06-28 06:46:30'),
(92, 110, '', '飞行控制软件', '', '', 'spack v17', '22', '', 'A', '', 'c', '', '嵌入式', '飞控', 1, '2019-06-28 06:46:30', '2019-06-28 06:46:30'),
(93, 111, '', '', '', '', '', '', '', '', '', '', '', '', '', 1, '2019-06-28 06:46:30', '2019-06-28 06:46:30'),
(94, 112, '', '飞行控制软件', '', '', 'spack v8', '13', '', 'A', '', 'c', '', '嵌入式', '飞控', 1, '2019-06-28 06:47:02', '2019-06-28 06:47:02'),
(95, 113, '', '飞行控制软件', '', '', 'spack v9', '14', '', 'A', '', 'c', '', '嵌入式', '飞控', 1, '2019-06-28 06:47:02', '2019-06-28 06:47:02'),
(96, 114, '', '飞行控制软件', '', '', 'spack v10', '15', '', 'A', '', 'c', '', '嵌入式', '飞控', 1, '2019-06-28 06:47:02', '2019-06-28 06:47:02'),
(97, 115, '', '飞行控制软件', '', '', 'spack v11', '16', '', 'A', '', 'c', '', '嵌入式', '飞控', 1, '2019-06-28 06:47:02', '2019-06-28 06:47:02'),
(98, 116, '', '飞行控制软件', '', '', 'spack v12', '17', '', 'A', '', 'c', '', '嵌入式', '飞控', 1, '2019-06-28 06:47:02', '2019-06-28 06:47:02'),
(99, 117, '', '飞行控制软件', '', '', 'spack v13', '18', '', 'A', '', 'c', '', '嵌入式', '飞控', 1, '2019-06-28 06:47:02', '2019-06-28 06:47:02'),
(100, 118, '', '飞行控制软件', '', '', 'spack v14', '19', '', 'A', '', 'c', '', '嵌入式', '飞控', 1, '2019-06-28 06:47:02', '2019-06-28 06:47:02'),
(101, 119, '', '飞行控制软件', '', '', 'spack v15', '20', '', 'A', '', 'c', '', '嵌入式', '飞控', 1, '2019-06-28 06:47:02', '2019-06-28 06:47:02'),
(102, 120, '', '飞行控制软件', '', '', 'spack v16', '21', '', 'A', '', 'c', '', '嵌入式', '飞控', 1, '2019-06-28 06:47:03', '2019-06-28 06:47:03'),
(103, 121, '', '飞行控制软件', '', '', 'spack v17', '22', '', 'A', '', 'c', '', '嵌入式', '飞控', 1, '2019-06-28 06:47:03', '2019-06-28 06:47:03'),
(104, 122, '', '', '', '', '', '', '', '', '', '', '', '', '', 1, '2019-06-28 06:47:03', '2019-06-28 06:47:03'),
(105, 123, '', '飞行控制软件', '', '', 'spack v8', '13', '', 'A', '', 'c', '', '嵌入式', '飞控', 1, '2019-06-28 06:47:43', '2019-06-28 06:47:43'),
(106, 124, '', '飞行控制软件', '', '', 'spack v9', '14', '', 'A', '', 'c', '', '嵌入式', '飞控', 1, '2019-06-28 06:47:44', '2019-06-28 06:47:44'),
(107, 125, '', '飞行控制软件', '', '', 'spack v8', '13', '', 'A', '', 'c', '', '嵌入式', '飞控', 1, '2019-06-28 06:53:36', '2019-06-28 06:53:36'),
(108, 126, '', '飞行控制软件', '', '', 'spack v9', '14', '', 'A', '', 'c', '', '嵌入式', '飞控', 1, '2019-06-28 06:53:36', '2019-06-28 06:53:36'),
(109, 127, '', '飞行控制软件', '', '', 'spack v10', '15', '', 'A', '', 'c', '', '嵌入式', '飞控', 1, '2019-06-28 06:53:36', '2019-06-28 06:53:36'),
(110, 128, '', '飞行控制软件', '', '', 'spack v11', '16', '', 'A', '', 'c', '', '嵌入式', '飞控', 1, '2019-06-28 06:53:36', '2019-06-28 06:53:36'),
(111, 129, '', '飞行控制软件', '', '', 'spack v12', '17', '', 'A', '', 'c', '', '嵌入式', '飞控', 1, '2019-06-28 06:53:36', '2019-06-28 06:53:36'),
(112, 130, '', '飞行控制软件', '', '', 'spack v13', '18', '', 'A', '', 'c', '', '嵌入式', '飞控', 1, '2019-06-28 06:53:36', '2019-06-28 06:53:36'),
(113, 131, '', '飞行控制软件', '', '', 'spack v14', '19', '', 'A', '', 'c', '', '嵌入式', '飞控', 1, '2019-06-28 06:53:36', '2019-06-28 06:53:36'),
(114, 132, '', '飞行控制软件', '', '', 'spack v15', '20', '', 'A', '', 'c', '', '嵌入式', '飞控', 1, '2019-06-28 06:53:36', '2019-06-28 06:53:36'),
(115, 133, '', '飞行控制软件', '', '', 'spack v16', '21', '', 'A', '', 'c', '', '嵌入式', '飞控', 1, '2019-06-28 06:53:36', '2019-06-28 06:53:36'),
(116, 134, '', '飞行控制软件', '', '', 'spack v17', '22', '', 'A', '', 'c', '', '嵌入式', '飞控', 1, '2019-06-28 06:53:37', '2019-06-28 06:53:37'),
(117, 135, '', '', '', '', '', '', '', '', '', '', '', '', '', 1, '2019-06-28 06:53:37', '2019-06-28 06:53:37'),
(118, 136, '', '飞行控制软件', '', '', 'spack v8', '13', '', 'A', '', 'c', '', '嵌入式', '飞控', 1, '2019-06-28 06:55:33', '2019-06-28 06:55:33'),
(119, 137, '', '飞行控制软件', '', '', 'spack v9', '14', '', 'A', '', 'c', '', '嵌入式', '飞控', 1, '2019-06-28 06:55:33', '2019-06-28 06:55:33'),
(120, 138, '', '飞行控制软件', '', '', 'spack v10', '15', '', 'A', '', 'c', '', '嵌入式', '飞控', 1, '2019-06-28 06:55:33', '2019-06-28 06:55:33'),
(121, 139, '', '飞行控制软件', '', '', 'spack v11', '16', '', 'A', '', 'c', '', '嵌入式', '飞控', 1, '2019-06-28 06:55:33', '2019-06-28 06:55:33'),
(122, 140, '', '飞行控制软件', '', '', 'spack v12', '17', '', 'A', '', 'c', '', '嵌入式', '飞控', 1, '2019-06-28 06:55:33', '2019-06-28 06:55:33'),
(123, 141, '', '飞行控制软件', '', '', 'spack v13', '18', '', 'A', '', 'c', '', '嵌入式', '飞控', 1, '2019-06-28 06:55:33', '2019-06-28 06:55:33'),
(124, 142, '', '飞行控制软件', '', '', 'spack v14', '19', '', 'A', '', 'c', '', '嵌入式', '飞控', 1, '2019-06-28 06:55:34', '2019-06-28 06:55:34'),
(125, 143, '', '飞行控制软件', '', '', 'spack v15', '20', '', 'A', '', 'c', '', '嵌入式', '飞控', 1, '2019-06-28 06:55:34', '2019-06-28 06:55:34'),
(126, 144, '', '飞行控制软件', '', '', 'spack v16', '21', '', 'A', '', 'c', '', '嵌入式', '飞控', 1, '2019-06-28 06:55:34', '2019-06-28 06:55:34'),
(127, 145, '', '飞行控制软件', '', '', 'spack v17', '22', '', 'A', '', 'c', '', '嵌入式', '飞控', 1, '2019-06-28 06:55:34', '2019-06-28 06:55:34'),
(128, 146, '', '', '', '', '', '', '', '', '', '', '', '', '', 1, '2019-06-28 06:55:34', '2019-06-28 06:55:34'),
(129, 147, '', '飞行控制软件', '', '', 'spack v8', '13', '', 'A', '', 'c', '', '嵌入式', '飞控', 1, '2019-06-28 06:58:35', '2019-06-28 06:58:35'),
(130, 148, '', '飞行控制软件', '', '', 'spack v9', '14', '', 'A', '', 'c', '', '嵌入式', '飞控', 1, '2019-06-28 06:58:50', '2019-06-28 06:58:50'),
(131, 149, '', '飞行控制软件', '', '', 'spack v10', '15', '', 'A', '', 'c', '', '嵌入式', '飞控', 1, '2019-06-28 06:58:52', '2019-06-28 06:58:52'),
(132, 150, '', '飞行控制软件', '', '', 'spack v11', '16', '', 'A', '', 'c', '', '嵌入式', '飞控', 1, '2019-06-28 06:58:53', '2019-06-28 06:58:53'),
(133, 151, '', '飞行控制软件', '', '', 'spack v12', '17', '', 'A', '', 'c', '', '嵌入式', '飞控', 1, '2019-06-28 06:58:53', '2019-06-28 06:58:53'),
(134, 152, '', '飞行控制软件', '', '', 'spack v13', '18', '', 'A', '', 'c', '', '嵌入式', '飞控', 1, '2019-06-28 06:58:53', '2019-06-28 06:58:53'),
(135, 153, '', '飞行控制软件', '', '', 'spack v14', '19', '', 'A', '', 'c', '', '嵌入式', '飞控', 1, '2019-06-28 06:58:53', '2019-06-28 06:58:53'),
(136, 154, '', '飞行控制软件', '', '', 'spack v15', '20', '', 'A', '', 'c', '', '嵌入式', '飞控', 1, '2019-06-28 06:58:53', '2019-06-28 06:58:53'),
(137, 155, '', '飞行控制软件', '', '', 'spack v16', '21', '', 'A', '', 'c', '', '嵌入式', '飞控', 1, '2019-06-28 06:58:53', '2019-06-28 06:58:53'),
(138, 156, '', '飞行控制软件', '', '', 'spack v17', '22', '', 'A', '', 'c', '', '嵌入式', '飞控', 1, '2019-06-28 06:58:53', '2019-06-28 06:58:53'),
(139, 157, '', '', '', '', '', '', '', '', '', '', '', '', '', 1, '2019-06-28 06:58:53', '2019-06-28 06:58:53'),
(140, 158, '', '飞行控制软件', '', '', 'spack v8', '13', '', 'A', '', 'c', '', '嵌入式', '飞控', 1, '2019-06-28 07:02:22', '2019-06-28 07:02:22'),
(141, 159, '', '飞行控制软件', '', '', 'spack v9', '14', '', 'A', '', 'c', '', '嵌入式', '飞控', 1, '2019-06-28 07:02:22', '2019-06-28 07:02:22'),
(142, 160, '', '飞行控制软件', '', '', 'spack v10', '15', '', 'A', '', 'c', '', '嵌入式', '飞控', 1, '2019-06-28 07:02:22', '2019-06-28 07:02:22'),
(143, 161, '', '飞行控制软件', '', '', 'spack v11', '16', '', 'A', '', 'c', '', '嵌入式', '飞控', 1, '2019-06-28 07:02:22', '2019-06-28 07:02:22'),
(144, 162, '', '飞行控制软件', '', '', 'spack v12', '17', '', 'A', '', 'c', '', '嵌入式', '飞控', 1, '2019-06-28 07:02:22', '2019-06-28 07:02:22'),
(145, 163, '', '飞行控制软件', '', '', 'spack v13', '18', '', 'A', '', 'c', '', '嵌入式', '飞控', 1, '2019-06-28 07:02:22', '2019-06-28 07:02:22'),
(146, 164, '', '飞行控制软件', '', '', 'spack v14', '19', '', 'A', '', 'c', '', '嵌入式', '飞控', 1, '2019-06-28 07:02:22', '2019-06-28 07:02:22'),
(147, 165, '', '飞行控制软件', '', '', 'spack v15', '20', '', 'A', '', 'c', '', '嵌入式', '飞控', 1, '2019-06-28 07:02:22', '2019-06-28 07:02:22'),
(148, 166, '', '飞行控制软件', '', '', 'spack v16', '21', '', 'A', '', 'c', '', '嵌入式', '飞控', 1, '2019-06-28 07:02:22', '2019-06-28 07:02:22'),
(149, 167, '', '飞行控制软件', '', '', 'spack v17', '22', '', 'A', '', 'c', '', '嵌入式', '飞控', 1, '2019-06-28 07:02:22', '2019-06-28 07:02:22'),
(150, 168, '', '', '', '', '', '', '', '', '', '', '', '', '', 1, '2019-06-28 07:02:22', '2019-06-28 07:02:22'),
(151, 169, '', '飞行控制软件', '', '', 'spack v8', '13', '', 'A', '', 'c', '', '嵌入式', '飞控', 1, '2019-06-28 07:03:34', '2019-06-28 07:03:34'),
(152, 170, '', '飞行控制软件', '', '', 'spack v9', '14', '', 'A', '', 'c', '', '嵌入式', '飞控', 1, '2019-06-28 07:03:35', '2019-06-28 07:03:35'),
(153, 171, '', '飞行控制软件', '', '', 'spack v10', '15', '', 'A', '', 'c', '', '嵌入式', '飞控', 1, '2019-06-28 07:03:35', '2019-06-28 07:03:35'),
(154, 172, '', '飞行控制软件', '', '', 'spack v11', '16', '', 'A', '', 'c', '', '嵌入式', '飞控', 1, '2019-06-28 07:03:35', '2019-06-28 07:03:35'),
(155, 173, '', '飞行控制软件', '', '', 'spack v12', '17', '', 'A', '', 'c', '', '嵌入式', '飞控', 1, '2019-06-28 07:03:35', '2019-06-28 07:03:35'),
(156, 174, '', '飞行控制软件', '', '', 'spack v13', '18', '', 'A', '', 'c', '', '嵌入式', '飞控', 1, '2019-06-28 07:03:35', '2019-06-28 07:03:35'),
(157, 175, '', '飞行控制软件', '', '', 'spack v14', '19', '', 'A', '', 'c', '', '嵌入式', '飞控', 1, '2019-06-28 07:03:35', '2019-06-28 07:03:35'),
(158, 176, '', '飞行控制软件', '', '', 'spack v15', '20', '', 'A', '', 'c', '', '嵌入式', '飞控', 1, '2019-06-28 07:03:35', '2019-06-28 07:03:35'),
(159, 177, '', '飞行控制软件', '', '', 'spack v16', '21', '', 'A', '', 'c', '', '嵌入式', '飞控', 1, '2019-06-28 07:03:35', '2019-06-28 07:03:35'),
(160, 178, '', '飞行控制软件', '', '', 'spack v17', '22', '', 'A', '', 'c', '', '嵌入式', '飞控', 1, '2019-06-28 07:03:36', '2019-06-28 07:03:36'),
(161, 179, '', '', '', '', '', '', '', '', '', '', '', '', '', 1, '2019-06-28 07:03:36', '2019-06-28 07:03:36'),
(162, 180, '', '飞行控制软件', '', '', 'spack v8', '13', '', 'A', '', 'c', '', '嵌入式', '飞控', 1, '2019-06-28 08:18:55', '2019-06-28 08:18:55'),
(163, 181, '', '飞行控制软件', '', '', 'spack v9', '14', '', 'A', '', 'c', '', '嵌入式', '飞控', 1, '2019-06-28 08:18:55', '2019-06-28 08:18:55'),
(164, 182, '', '飞行控制软件', '', '', 'spack v10', '15', '', 'A', '', 'c', '', '嵌入式', '飞控', 1, '2019-06-28 08:18:55', '2019-06-28 08:18:55'),
(165, 183, '', '飞行控制软件', '', '', 'spack v11', '16', '', 'A', '', 'c', '', '嵌入式', '飞控', 1, '2019-06-28 08:18:55', '2019-06-28 08:18:55'),
(166, 184, '', '飞行控制软件', '', '', 'spack v12', '17', '', 'A', '', 'c', '', '嵌入式', '飞控', 1, '2019-06-28 08:18:55', '2019-06-28 08:18:55'),
(167, 185, '', '飞行控制软件', '', '', 'spack v13', '18', '', 'A', '', 'c', '', '嵌入式', '飞控', 1, '2019-06-28 08:18:55', '2019-06-28 08:18:55'),
(168, 186, '', '飞行控制软件', '', '', 'spack v14', '19', '', 'A', '', 'c', '', '嵌入式', '飞控', 1, '2019-06-28 08:18:55', '2019-06-28 08:18:55'),
(169, 187, '', '飞行控制软件', '', '', 'spack v15', '20', '', 'A', '', 'c', '', '嵌入式', '飞控', 1, '2019-06-28 08:18:56', '2019-06-28 08:18:56'),
(170, 188, '', '飞行控制软件', '', '', 'spack v16', '21', '', 'A', '', 'c', '', '嵌入式', '飞控', 1, '2019-06-28 08:18:56', '2019-06-28 08:18:56'),
(171, 189, '', '飞行控制软件', '', '', 'spack v17', '22', '', 'A', '', 'c', '', '嵌入式', '飞控', 1, '2019-06-28 08:18:56', '2019-06-28 08:18:56'),
(172, 1, '', '飞行控制软件', '', '', 'spack v8', '13', '', 'A', '', 'c', '', '嵌入式', '飞控', 1, '2019-06-28 08:24:00', '2019-06-28 08:24:00'),
(173, 2, '', '飞行控制软件', '', '', 'spack v9', '14', '', 'A', '', 'c', '', '嵌入式', '飞控', 1, '2019-06-28 08:24:00', '2019-06-28 08:24:00'),
(174, 3, '', '飞行控制软件', '', '', 'spack v10', '15', '', 'A', '', 'c', '', '嵌入式', '飞控', 1, '2019-06-28 08:24:00', '2019-06-28 08:24:00'),
(175, 4, '', '飞行控制软件', '', '', 'spack v11', '16', '', 'A', '', 'c', '', '嵌入式', '飞控', 1, '2019-06-28 08:24:00', '2019-06-28 08:24:00'),
(176, 5, '', '飞行控制软件', '', '', 'spack v12', '17', '', 'A', '', 'c', '', '嵌入式', '飞控', 1, '2019-06-28 08:24:00', '2019-06-28 08:24:00'),
(177, 6, '', '飞行控制软件', '', '', 'spack v8', '13', '', 'A', '', 'c', '', '嵌入式', '飞控', 1, '2019-06-28 08:32:14', '2019-06-28 08:32:14'),
(178, 7, '', '飞行控制软件', '', '', 'spack v8', '13', '', 'A', '', 'c', '', '嵌入式', '飞控', 1, '2019-06-28 08:32:15', '2019-06-28 08:32:15'),
(179, 8, '', '飞行控制软件', '', '', 'spack v8', '13', '', 'A', '', 'c', '', '嵌入式', '飞控', 1, '2019-06-28 08:32:15', '2019-06-28 08:32:15'),
(180, 9, '', '飞行控制软件', '', '', 'spack v8', '13', '', 'A', '', 'c', '', '嵌入式', '飞控', 1, '2019-06-28 08:33:08', '2019-06-28 08:33:09'),
(181, 10, '', '飞行控制软件', '', '', 'spack v8', '13', '', 'A', '', 'c', '', '嵌入式', '飞控', 1, '2019-06-28 08:33:09', '2019-06-28 08:33:09'),
(182, 11, '', '飞行控制软件', '', '', 'spack v8', '13', '', 'A', '', 'c', '', '嵌入式', '飞控', 1, '2019-06-28 08:33:09', '2019-06-28 08:33:09'),
(183, 12, '', '飞行控制软件', '', '', 'spack v8', '13', '', 'A', '', 'c', '', '嵌入式', '飞控', 1, '2019-06-28 08:34:37', '2019-06-28 08:34:37'),
(184, 13, '', '飞行控制软件', '', '', 'spack v8', '13', '', 'A', '', 'c', '', '嵌入式', '飞控', 1, '2019-06-28 08:34:37', '2019-06-28 08:34:37'),
(185, 14, '', '飞行控制软件', '', '', 'spack v8', '13', '', 'A', '', 'c', '', '嵌入式', '飞控', 1, '2019-06-28 08:34:37', '2019-06-28 08:34:37'),
(186, 15, '', '飞行控制软件', '', '', 'spack v8', '13', '', 'A', '', 'c', '', '嵌入式', '飞控', 1, '2019-06-28 08:37:58', '2019-06-28 08:37:58'),
(187, 16, '', '飞行控制软件', '', '', 'spack v8', '13', '', 'A', '', 'c', '', '嵌入式', '飞控', 1, '2019-06-28 08:54:51', '2019-06-28 08:54:51'),
(188, 17, '', '飞行控制软件', '', '', 'spack v8', '13', '', 'A', '', 'c', '', '嵌入式', '飞控', 1, '2019-06-28 08:55:14', '2019-06-28 08:55:14'),
(189, 18, '', '飞行控制软件', '', '', 'spack v8', '13', '', 'A', '', 'c', '', '嵌入式', '飞控', 1, '2019-06-28 08:55:15', '2019-06-28 08:55:15'),
(190, 19, '', '飞行控制软件', '', '', 'spack v8', '13', '', 'A', '', 'c', '', '嵌入式', '飞控', 1, '2019-06-28 09:06:03', '2019-06-28 09:06:03'),
(191, 20, '', '飞行控制软件', '', '', 'spack v8', '13', '', 'A', '', 'c', '', '嵌入式', '飞控', 1, '2019-06-28 09:07:07', '2019-06-28 09:07:07'),
(192, 21, '', '飞行控制软件', '', '', 'spack v8', '13', '', 'A', '', 'c', '', '嵌入式', '飞控', 1, '2019-06-28 10:18:30', '2019-06-28 10:18:30'),
(193, 22, '', '飞行控制软件', '', '', 'spack v8', '13', '', 'A', '', 'c', '', '嵌入式', '飞控', 1, '2019-06-28 10:18:58', '2019-06-28 10:18:58'),
(194, 23, '', '飞行控制软件', '', '', 'spack v8', '13', '', 'A', '', 'c', '', '嵌入式', '飞控', 1, '2019-06-28 10:19:49', '2019-06-28 10:19:49'),
(195, 24, '', '飞行控制软件', '', '', 'spack v8', '13', '', 'A', '', 'c', '', '嵌入式', '飞控', 1, '2019-06-28 10:20:37', '2019-06-28 10:20:37'),
(196, 25, '', '飞行控制软件', '', '', 'spack v8', '13', '', 'A', '', 'c', '', '嵌入式', '飞控', 1, '2019-06-28 10:20:55', '2019-06-28 10:20:55'),
(197, 26, '', '飞行控制软件', '', '', 'spack v8', '13', '', 'A', '', 'c', '', '嵌入式', '飞控', 1, '2019-06-28 10:21:11', '2019-06-28 10:21:11'),
(198, 27, '0', '', '', '', '', '', '', '', '', '', '', '', '', 1, '2019-07-04 02:53:13', '2019-07-04 02:53:13'),
(199, 28, '0', '', '', '', '', '', '', '', '', '', '', '', '', 1, '2019-07-04 02:53:54', '2019-07-04 02:53:54'),
(200, 29, '0', '', '', '', '', '', '', '', '', '', '', '', '', 1, '2019-07-04 02:59:48', '2019-07-04 02:59:48');

-- --------------------------------------------------------

--
-- Table structure for table `team`
--

CREATE TABLE `team` (
  `id` int(10) UNSIGNED NOT NULL,
  `name` varchar(255) COLLATE utf8_unicode_ci NOT NULL,
  `created_at` timestamp NOT NULL DEFAULT '0000-00-00 00:00:00',
  `updated_at` timestamp NOT NULL DEFAULT '0000-00-00 00:00:00'
) ENGINE=MyISAM DEFAULT CHARSET=utf8 COLLATE=utf8_unicode_ci;

--
-- Dumping data for table `team`
--

INSERT INTO `team` (`id`, `name`, `created_at`, `updated_at`) VALUES
(1, '测试一部\r\n', '0000-00-00 00:00:00', '0000-00-00 00:00:00'),
(2, '测试二部\r\n', '0000-00-00 00:00:00', '0000-00-00 00:00:00'),
(3, '研发部\r\n', '0000-00-00 00:00:00', '0000-00-00 00:00:00'),
(4, '综合管理部', '0000-00-00 00:00:00', '0000-00-00 00:00:00');

-- --------------------------------------------------------

--
-- Table structure for table `team_role`
--

CREATE TABLE `team_role` (
  `id` int(10) UNSIGNED NOT NULL,
  `team_id` int(11) NOT NULL,
  `role` tinyint(4) NOT NULL,
  `u_id` int(11) NOT NULL,
  `created_at` timestamp NOT NULL DEFAULT '0000-00-00 00:00:00',
  `updated_at` timestamp NOT NULL DEFAULT '0000-00-00 00:00:00'
) ENGINE=InnoDB DEFAULT CHARSET=utf8 COLLATE=utf8_unicode_ci;

-- --------------------------------------------------------

--
-- Table structure for table `token`
--

CREATE TABLE `token` (
  `id` int(10) UNSIGNED NOT NULL,
  `employee_id` int(11) NOT NULL,
  `created_at` timestamp NOT NULL DEFAULT '0000-00-00 00:00:00',
  `updated_at` timestamp NOT NULL DEFAULT '0000-00-00 00:00:00',
  `token` varchar(255) COLLATE utf8_unicode_ci NOT NULL
) ENGINE=InnoDB DEFAULT CHARSET=utf8 COLLATE=utf8_unicode_ci;

--
-- Dumping data for table `token`
--

INSERT INTO `token` (`id`, `employee_id`, `created_at`, `updated_at`, `token`) VALUES
(1, 1, '2019-04-10 01:38:54', '2019-04-10 01:38:54', '2cebfb63b519c205189c2c287ce47c22'),
(2, 2, '2019-04-10 06:16:50', '2019-04-10 06:16:50', 'ee6d8c48b50c3f053e9c682b77e2ff21'),
(3, 1, '2019-04-11 02:16:49', '2019-04-11 02:16:49', 'cecd797b9899f559664943b3bfe85c5b'),
(4, 2, '2019-04-11 02:36:49', '2019-04-11 02:36:49', 'b13105a071b8543b98d490dea5f98e8b'),
(5, 1, '2019-04-11 08:22:54', '2019-04-11 08:22:54', '5a7309a139e0db6ad475be632b98191c'),
(6, 1, '2019-04-15 07:27:27', '2019-04-15 07:27:27', 'be74e5b7acee1c0e369f901a2617432d'),
(7, 1, '2019-04-16 02:35:54', '2019-04-16 02:35:54', 'd5a7f612a64d94cc1ba346c8cb85ae40'),
(8, 1, '2019-04-17 02:43:31', '2019-04-17 02:43:31', '31c865a5f6616ab99d42844d343a27d8'),
(9, 2, '2019-04-17 02:45:48', '2019-04-17 02:45:48', 'f2468d1dd907e4ed064f2273ad585bfe'),
(10, 1, '2019-04-17 08:48:19', '2019-04-17 08:48:19', 'cc9b44c9e3dd62ff1a9073797325f0ca'),
(11, 1, '2019-04-18 01:40:12', '2019-04-18 01:40:12', 'caf7151dcd6bd019b9e01b8d8217122e'),
(12, 1, '2019-04-18 08:03:15', '2019-04-18 08:03:15', '5b89513aeb04dad0bb44e7304b0d0333'),
(13, 1, '2019-04-19 01:22:57', '2019-04-19 01:22:57', 'c0ef38f0adb9a71b5812f8eb3a484202'),
(14, 1, '2019-04-22 05:30:09', '2019-04-22 05:30:09', '0a38f28b6f50ffc6611941ede73a3978'),
(15, 5, '2019-04-22 07:08:35', '2019-04-22 07:08:35', '6aa13e7721e54ccc2580e1273eeaae2b'),
(16, 1, '2019-04-22 07:09:01', '2019-04-22 07:09:01', '19f4739b4c91cff3e13644cf2eeac62b'),
(17, 1, '2019-04-25 01:16:32', '2019-04-25 01:16:32', '1560bd19619b880b952e8bc0ea95937c'),
(18, 1, '2019-04-25 06:32:06', '2019-04-25 06:32:06', '965f99c137ad753d30d711789a811135'),
(19, 1, '2019-04-25 06:32:26', '2019-04-25 06:32:26', '16457ddf30674d06d7aac1ed8070c219'),
(20, 1, '2019-04-25 06:43:33', '2019-04-25 06:43:33', 'a9872f13e8b63715d2c3a506302f39ba'),
(21, 1, '2019-04-25 06:46:57', '2019-04-25 06:46:57', '85838da4d67bda6ae1c250bc3270eb42'),
(22, 1, '2019-04-25 06:49:37', '2019-04-25 06:49:37', '47c3d859186d1a71b7a792fdc8e38247'),
(23, 1, '2019-05-08 01:55:24', '2019-05-08 01:55:24', '6a7402b9b858344ffd1b64ec31ea29e1'),
(24, 1, '2019-05-09 01:12:01', '2019-05-09 01:12:01', '680080dec617cbf0ca6dcdf9afb12a0d'),
(25, 1, '2019-05-10 01:34:55', '2019-05-10 01:34:55', '864670599ebb4b33565084c46bd32754'),
(26, 1, '2019-05-10 06:24:45', '2019-05-10 06:24:45', 'a958ade65eabd04e200a7bbc69ad7db2'),
(27, 1, '2019-05-13 03:11:19', '2019-05-13 03:11:19', '006eecb3c75e149e8404a5a11f4530ca'),
(28, 1, '2019-05-16 01:18:20', '2019-05-16 01:18:20', '96a506b68de663a3a4b510e2adfaff7e'),
(29, 1, '2019-05-17 00:59:47', '2019-05-17 00:59:47', '97679e388b1e33458f18139a75bbf5fd'),
(30, 1, '2019-05-17 06:07:28', '2019-05-17 06:07:28', '3d9a14089b24ba852b1f1c0e7b525a4b'),
(31, 1, '2019-05-17 06:25:31', '2019-05-17 06:25:31', 'c04172e858bce75d3f2f2a73f2a01c64'),
(32, 1, '2019-05-20 05:39:43', '2019-05-20 05:39:43', '33a197ea4c37342483854bf53c148e4e'),
(33, 1, '2019-05-20 07:19:15', '2019-05-20 07:19:15', '6baf24282861634a354f41e9ba3bd72f'),
(34, 1, '2019-05-22 01:02:08', '2019-05-22 01:02:08', 'f337ceaee10ae53fceae0d24d089bd44'),
(35, 1, '2019-05-22 05:22:16', '2019-05-22 05:22:16', '70adb39ab4269df9bd07f7add1f0fd91'),
(36, 1, '2019-05-22 05:31:42', '2019-05-22 05:31:42', '270428cc2d5f444be253b4a6fda57735'),
(37, 1, '2019-05-22 06:22:47', '2019-05-22 06:22:47', '9903610fecc9455bf7bbd66b89ae5f6b'),
(38, 1, '2019-05-23 02:37:47', '2019-05-23 02:37:47', '5c49deaef243373264b4c38c6aa17673'),
(39, 1, '2019-05-23 09:37:28', '2019-05-23 09:37:28', '4fc5ba06c7ad2110e69374e823e46e4a'),
(40, 1, '2019-05-24 01:38:54', '2019-05-24 01:38:54', '59e5dbf7d65635d5026deb64f80cc52e'),
(41, 1, '2019-05-24 09:05:39', '2019-05-24 09:05:39', 'd636a0d39495834428e1cae394eb41ab'),
(42, 1, '2019-05-27 01:48:16', '2019-05-27 01:48:16', 'f8cf0b2e618b89aeb5669953290fb618'),
(43, 1, '2019-05-29 01:03:29', '2019-05-29 01:03:29', 'a6ff5a129d978572bfa0cbf1387deb8c'),
(44, 1, '2019-05-31 01:45:46', '2019-05-31 01:45:46', '5a298e58b07c1716ec18d5cd88146898'),
(45, 1, '2019-06-03 01:24:03', '2019-06-03 01:24:03', '5f565330b76a56719df7efa0ff535a6c'),
(46, 1, '2019-06-04 05:56:44', '2019-06-04 05:56:44', '7ba1247925af4a4d7f8f89d6a639309c'),
(47, 1, '2019-06-05 07:07:19', '2019-06-05 07:07:19', 'b0947047e82554992abd20bb42133d59'),
(48, 1, '2019-06-10 01:24:51', '2019-06-10 01:24:51', 'e84c4e3be0f0643402fc13d0221ebb16'),
(49, 2, '2019-06-10 09:01:36', '2019-06-10 09:01:36', 'fe329f8a07a86b4ff653b466eb69b8fe'),
(50, 1, '2019-06-10 09:01:50', '2019-06-10 09:01:50', '19b7f5bcf398fb80a2e22e367c5201b6'),
(51, 2, '2019-06-11 05:26:36', '2019-06-11 05:26:36', '6643feb49334369e79bcdec3c2081d0d'),
(52, 1, '2019-06-11 05:54:44', '2019-06-11 05:54:44', 'f0702cdd784e1e1b3ebdc742b11d1807'),
(53, 2, '2019-06-12 09:15:05', '2019-06-12 09:15:05', 'cb8b9c3127eeeb767f4b12cbc5fda851'),
(54, 2, '2019-06-12 09:15:57', '2019-06-12 09:15:57', '34a249405ff0a3ddf77db071d68062e1'),
(55, 1, '2019-06-12 09:16:08', '2019-06-12 09:16:08', '6b79781132425512ce11f579fe9ce395'),
(56, 2, '2019-06-12 09:21:29', '2019-06-12 09:21:29', '48ed0c97f1880419f67b0bf114a52128'),
(57, 1, '2019-06-13 03:07:33', '2019-06-13 03:07:33', 'b3f8af46da779661e2879144334a3718'),
(58, 1, '2019-06-14 01:41:59', '2019-06-14 01:41:59', '7a37f90b89fdb728c8819e516182a9bd'),
(59, 1, '2019-06-14 07:09:20', '2019-06-14 07:09:20', '764f88a815f13e0ae0c1cd6dbb3738b7'),
(60, 1, '2019-06-19 01:56:07', '2019-06-19 01:56:07', '511be77c8db8a5b5e2ca90a361729882'),
(61, 1, '2019-06-19 10:34:48', '2019-06-19 10:34:48', '90c15f6d06ec32d4628832373fa50f9f'),
(62, 1, '2019-06-22 07:12:30', '2019-06-22 07:12:30', '63a125d6ba1c825376a720318984eefd'),
(63, 1, '2019-06-24 00:54:37', '2019-06-24 00:54:37', 'afd7bbd9196dc18af5e444c2e2d7b9c6'),
(64, 2, '2019-06-25 03:19:18', '2019-06-25 03:19:18', 'ff4676e30fdf60619cddaac2b8b4f2df'),
(65, 1, '2019-06-25 08:31:45', '2019-06-25 08:31:45', '10e1b988a370498fc2187c66e1ba8682'),
(66, 1, '2019-06-26 01:49:16', '2019-06-26 01:49:16', '81ceb629e6747f33b1242d554f724dfa'),
(67, 1, '2019-06-26 05:29:56', '2019-06-26 05:29:56', '92e621559f4cd82b1d5a6c2c3a6ed68e'),
(68, 1, '2019-06-27 08:03:15', '2019-06-27 08:03:15', '5590a3a596a8037331de6507b1fd544b'),
(69, 1, '2019-06-29 07:40:46', '2019-06-29 07:40:46', 'ee94cac5a24820bef3711e8527fede30'),
(70, 1, '2019-07-02 05:48:23', '2019-07-02 05:48:23', '70f729a4d6984ad247846193eb56d76e'),
(71, 1, '2019-07-03 07:32:34', '2019-07-03 07:32:34', '36a0b8366d27b31420b2deea3f61c005'),
(72, 1, '2019-07-03 11:27:42', '2019-07-03 11:27:42', '58019d401ca7eec202923d12bc5234e2'),
(73, 1, '2019-07-08 01:29:32', '2019-07-08 01:29:32', '7824f1e9b1f3d8e9c2f8cfc7027adc0c'),
(74, 1, '2019-07-09 00:57:12', '2019-07-09 00:57:12', '6a2d88fe9deec2779254f807b7fe2dd9'),
(75, 1, '2019-07-09 00:59:24', '2019-07-09 00:59:24', 'f69db0bb764f0cf6e1bb6e2da6945d1f'),
(76, 1, '2019-07-09 01:04:51', '2019-07-09 01:04:51', '10443bd91cd61a140466a15f5b7ec4a6'),
(77, 1, '2019-07-09 01:18:52', '2019-07-09 01:18:52', '0a62e410bacfe8f0a1c260299d2db36a'),
(78, 1, '2019-07-09 01:19:11', '2019-07-09 01:19:11', '1da78dfa4ee7cf7840a74c9b3c22f250'),
(79, 1, '2019-07-09 01:19:22', '2019-07-09 01:19:22', '93acf6b4d379e586d6229b1430622b8f'),
(80, 1, '2019-07-09 01:19:40', '2019-07-09 01:19:40', '15473a8c9bb87073e8e8b23c4c519561'),
(81, 1, '2019-07-09 01:24:22', '2019-07-09 01:24:22', '6f391002162a6cbd2251b7f9dba3e48a'),
(82, 1, '2019-07-09 01:24:41', '2019-07-09 01:24:41', 'd8dc65c9d9d09c848e3436ac9daaf4c8'),
(83, 1, '2019-07-09 01:25:00', '2019-07-09 01:25:00', '81f431039f4aa036cf00fe9c50bdac7b'),
(84, 1, '2019-07-09 01:25:30', '2019-07-09 01:25:30', 'dbf968fa9f7783497fd860498f6783db'),
(85, 1, '2019-07-09 01:39:25', '2019-07-09 01:39:25', '07c183a13ecec242db712ab7fac84bdc'),
(86, 1, '2019-07-10 09:22:36', '2019-07-10 09:22:36', 'b5983e8da1e03e9f82a26c6eb42aa442'),
(87, 1, '2019-07-12 02:13:06', '2019-07-12 02:13:06', '88f8138eb85406ec9d143455b29d237a'),
(88, 1, '2019-07-16 10:41:22', '2019-07-16 10:41:22', '2cb385a43dd2af1e55ba67efe8bee050'),
(89, 1, '2019-07-17 01:56:47', '2019-07-17 01:56:47', '2d4fea903353907ad44fc4d8263b7888'),
(90, 15, '2019-07-17 02:10:58', '2019-07-17 02:10:58', 'a8f38e195c753e3a254026b191186ae8'),
(91, 17, '2019-07-17 12:00:53', '2019-07-17 12:00:53', '70925f6e4b7158efead9c7aae53b685f'),
(92, 1, '2019-07-18 05:30:04', '2019-07-18 05:30:04', 'a143ee5ba4f1c958cd6393de68956774'),
(93, 1, '2019-07-18 09:50:23', '2019-07-18 09:50:23', 'ec793b1adb93ec0295e8b778fc34b9c2'),
(94, 1, '2019-07-18 09:50:23', '2019-07-18 09:50:23', 'e06a7cd874ce52cf4bd84b88505d3332'),
(95, 1, '2019-07-19 01:24:42', '2019-07-19 01:24:42', 'a1ad256337513ca319252e673d964e41'),
(96, 1, '2019-07-19 13:34:55', '2019-07-19 13:34:55', 'a3b99e97e9797b16d2aad063406e8f1a'),
(97, 1, '2019-07-20 07:42:40', '2019-07-20 07:42:40', 'a581cd41502e126af632fbf0b1a0b8f3'),
(98, 1, '2019-07-22 07:27:59', '2019-07-22 07:27:59', '2b96cde5fd34f38080298aa4d030242c'),
(99, 1, '2019-07-22 08:55:54', '2019-07-22 08:55:54', '48307a5e5b54d6de98d10901a7318bf0'),
(100, 1, '2019-07-23 06:15:55', '2019-07-23 06:15:55', '52d7aa3e38e7b8eab5285bbb9f661d00'),
(101, 1, '2019-07-23 06:31:31', '2019-07-23 06:31:31', '9a12308e7ce3a1908514c6c3c6d9ed01'),
(102, 1, '2019-07-23 06:59:58', '2019-07-23 06:59:58', '56ffac29ee6d754f5038172c1442e00f'),
(103, 1, '2019-07-23 07:04:24', '2019-07-23 07:04:24', '9ac83d3e0ae345ba4aca82e9bb88b54a'),
(104, 1, '2019-07-23 07:05:29', '2019-07-23 07:05:29', '1ba66328f2b48637f92539a117566519'),
(105, 1, '2019-07-24 02:22:56', '2019-07-24 02:22:56', 'bfd9c410f50e1f0eb1d11c953a07a123'),
(106, 1, '2019-07-24 02:23:35', '2019-07-24 02:23:35', 'c8ba6d475180ca81b9da38b59c17139c'),
(107, 1, '2019-07-24 02:29:59', '2019-07-24 02:29:59', '9cf6f6aa2f8f5e7f03cce75e51b10c12'),
(108, 1, '2019-07-24 03:02:52', '2019-07-24 03:02:52', '7f58b013b94529e6f8712b8b1f129271'),
(109, 1, '2019-07-24 03:07:34', '2019-07-24 03:07:34', 'd5573a523741de623aca724076723832'),
(110, 1, '2019-07-24 03:08:21', '2019-07-24 03:08:21', 'bb89d95eab9b08200bcd3ee14688ea10'),
(111, 1, '2019-07-24 03:13:24', '2019-07-24 03:13:24', '59619bdf31eef168c794b957b40e21d1'),
(112, 1, '2019-07-24 03:14:16', '2019-07-24 03:14:16', '713b2970b23440dcf4628c18d48ded70'),
(113, 1, '2019-07-24 03:15:53', '2019-07-24 03:15:53', '83e168159a17f6fcad552564f549ea76'),
(114, 1, '2019-07-24 03:19:02', '2019-07-24 03:19:02', '226952b3124628335b95ca284a05a022'),
(115, 1, '2019-07-24 03:21:48', '2019-07-24 03:21:48', '58582b054c5b1949dbcb045286442a06'),
(116, 1, '2019-07-24 03:23:11', '2019-07-24 03:23:11', '0d0aac819cbecdb8edd3e32a06994198'),
(117, 2, '2019-07-24 06:32:01', '2019-07-24 06:32:01', '9a8cbb3300512c6ff3193a9e7484a9d6'),
(118, 1, '2019-07-24 06:36:46', '2019-07-24 06:36:46', 'ec8935eae97d58b308a20d31627d5c74'),
(119, 1, '2019-07-24 06:38:37', '2019-07-24 06:38:37', 'efbd9b23972da6f5595a264901bb96a7'),
(120, 1, '2019-07-24 09:12:11', '2019-07-24 09:12:11', '6b9f1d17fd69f8a65bb212ca95666559'),
(121, 1, '2019-07-24 13:18:50', '2019-07-24 13:18:50', 'e953b8c489954f4412fcf73801f6d9fa'),
(122, 1, '2019-07-25 00:46:46', '2019-07-25 00:46:46', '1769f78adf98f10b5223dd9bb5f3b893'),
(123, 1, '2019-07-25 01:12:49', '2019-07-25 01:12:49', '48d713bde13764fb6627c12eae60fc23'),
(124, 1, '2019-07-25 01:19:15', '2019-07-25 01:19:15', '60e67d7d8b512001238faeaaab6b7c86'),
(125, 1, '2019-07-25 01:25:22', '2019-07-25 01:25:22', '2e305d622b0985a701604e3690fcb322'),
(126, 1, '2019-07-25 02:12:52', '2019-07-25 02:12:52', 'f21c8b2f23a27d08cd00d5a069b0b228'),
(127, 1, '2019-07-25 02:56:15', '2019-07-25 02:56:15', '1e31c66d58a87a960e6607323fdd6662'),
(128, 1, '2019-07-25 10:31:36', '2019-07-25 10:31:36', '9284355c6fe69838ff89efc368ead4b8');

-- --------------------------------------------------------

--
-- Table structure for table `user_info`
--

CREATE TABLE `user_info` (
  `id` int(10) UNSIGNED NOT NULL,
  `username` varchar(255) COLLATE utf8_unicode_ci NOT NULL,
  `password` varchar(255) COLLATE utf8_unicode_ci NOT NULL,
  `imagepath` varchar(255) COLLATE utf8_unicode_ci NOT NULL,
  `employee_id` int(11) NOT NULL,
  `created_at` timestamp NOT NULL DEFAULT '0000-00-00 00:00:00',
  `updated_at` timestamp NOT NULL DEFAULT '0000-00-00 00:00:00'
) ENGINE=InnoDB DEFAULT CHARSET=utf8 COLLATE=utf8_unicode_ci;

--
-- Dumping data for table `user_info`
--

INSERT INTO `user_info` (`id`, `username`, `password`, `imagepath`, `employee_id`, `created_at`, `updated_at`) VALUES
(1, 'funmore', '123456', '', 1, '0000-00-00 00:00:00', '2019-04-19 02:37:26'),
(2, 'wy', '123456', '', 2, '0000-00-00 00:00:00', '2019-04-19 02:37:35'),
(3, '冉红艳', '123567', '', 5, '2019-04-18 02:40:49', '2019-04-19 02:37:06'),
(4, '姜萍', 'AB12345678c', '', 7, '2019-04-18 02:40:49', '2019-04-18 02:40:49'),
(5, '林桂芳', '123456', '', 8, '2019-04-18 02:40:49', '2019-04-19 02:37:21'),
(6, '尤艺', '123567', '', 10, '2019-04-18 02:40:49', '2019-04-19 02:37:15'),
(7, '刘春龙', 'AB12345678c', '', 11, '2019-04-18 02:40:49', '2019-04-18 02:40:49'),
(8, '申彪', 'AB12345678c', '', 12, '2019-04-18 02:40:49', '2019-04-18 02:40:49'),
(9, '王亚飞', 'AB12345678c', '', 13, '2019-04-18 02:40:49', '2019-04-18 02:40:49'),
(10, '请输入姓名', 'AB12345678c', '', 14, '2019-04-18 08:04:36', '2019-04-18 08:04:36'),
(11, '隗合建', 'AB12345678c', '', 15, '2019-06-28 05:42:42', '2019-06-28 05:42:42'),
(12, '李志敏', 'AB12345678c', '', 16, '2019-06-28 05:44:17', '2019-06-28 05:44:17'),
(13, '许春来', 'AB12345678c', '', 17, '2019-06-28 05:44:33', '2019-06-28 05:44:33');

-- --------------------------------------------------------

--
-- Table structure for table `workflow`
--

CREATE TABLE `workflow` (
  `id` int(10) UNSIGNED NOT NULL,
  `created_at` timestamp NOT NULL DEFAULT '0000-00-00 00:00:00',
  `updated_at` timestamp NOT NULL DEFAULT '0000-00-00 00:00:00',
  `workflow_name` varchar(255) COLLATE utf8_unicode_ci NOT NULL,
  `active` tinyint(4) NOT NULL,
  `workflow_template_id` int(11) NOT NULL
) ENGINE=InnoDB DEFAULT CHARSET=utf8 COLLATE=utf8_unicode_ci;

--
-- Dumping data for table `workflow`
--

INSERT INTO `workflow` (`id`, `created_at`, `updated_at`, `workflow_name`, `active`, `workflow_template_id`) VALUES
(1, '2019-04-10 06:12:33', '2019-05-20 07:41:48', '测试工作流', 6, 1),
(2, '2019-04-11 02:34:55', '2019-04-22 06:44:00', '测试工作流', 3, 1),
(3, '2019-06-18 08:45:17', '2019-06-18 08:45:17', '测试工作流', 0, 1),
(21, '2019-06-21 05:35:43', '2019-06-21 05:35:43', '测试工作流', 0, 1),
(22, '2019-06-25 02:36:27', '2019-06-25 02:36:27', '测试工作流', 0, 1),
(23, '2019-07-04 02:53:13', '2019-07-04 02:53:13', '测试工作流', 0, 1),
(24, '2019-07-04 02:53:54', '2019-07-04 02:53:54', '测试工作流', 0, 1),
(25, '2019-07-16 10:41:44', '2019-07-16 14:30:26', '测试工作流', 2, 1),
(26, '2019-07-17 02:11:12', '2019-07-17 11:34:22', '测试工作流', 6, 1),
(27, '2019-07-17 11:57:26', '2019-07-17 11:58:09', '测试工作流', 1, 1);

-- --------------------------------------------------------

--
-- Table structure for table `workflow_edit_log`
--

CREATE TABLE `workflow_edit_log` (
  `id` int(10) UNSIGNED NOT NULL,
  `workflow_id` int(11) NOT NULL,
  `u_id` int(11) NOT NULL,
  `u_data` varchar(255) COLLATE utf8_unicode_ci NOT NULL,
  `created_at` timestamp NOT NULL DEFAULT '0000-00-00 00:00:00',
  `updated_at` timestamp NOT NULL DEFAULT '0000-00-00 00:00:00'
) ENGINE=InnoDB DEFAULT CHARSET=utf8 COLLATE=utf8_unicode_ci;

-- --------------------------------------------------------

--
-- Table structure for table `workflow_note`
--

CREATE TABLE `workflow_note` (
  `id` int(10) UNSIGNED NOT NULL,
  `workflow_id` int(11) NOT NULL,
  `employee_id` int(11) NOT NULL,
  `from_node_id` int(11) NOT NULL,
  `to_node_id` int(11) NOT NULL,
  `note` varchar(255) COLLATE utf8_unicode_ci NOT NULL,
  `note_type` varchar(255) COLLATE utf8_unicode_ci NOT NULL,
  `created_at` timestamp NOT NULL DEFAULT '0000-00-00 00:00:00',
  `updated_at` timestamp NOT NULL DEFAULT '0000-00-00 00:00:00'
) ENGINE=InnoDB DEFAULT CHARSET=utf8 COLLATE=utf8_unicode_ci;

--
-- Dumping data for table `workflow_note`
--

INSERT INTO `workflow_note` (`id`, `workflow_id`, `employee_id`, `from_node_id`, `to_node_id`, `note`, `note_type`, `created_at`, `updated_at`) VALUES
(1, 1, 1, 1, 2, '', '推进', '2019-04-10 06:16:41', '2019-04-10 06:16:41'),
(2, 1, 1, 2, 3, '', '推进', '2019-04-10 06:16:42', '2019-04-10 06:16:42'),
(3, 2, 2, 16, 17, '', '推进', '2019-04-17 02:46:09', '2019-04-17 02:46:09'),
(4, 2, 2, 17, 18, '', '推进', '2019-04-17 02:46:11', '2019-04-17 02:46:11'),
(5, 2, 1, 18, 19, '', '推进', '2019-04-22 06:44:00', '2019-04-22 06:44:00'),
(6, 1, 1, 3, 4, '', '推进', '2019-05-20 07:41:42', '2019-05-20 07:41:42'),
(7, 1, 1, 4, 5, '', '推进', '2019-05-20 07:41:44', '2019-05-20 07:41:44'),
(8, 1, 1, 5, 6, '', '推进', '2019-05-20 07:41:46', '2019-05-20 07:41:46'),
(9, 1, 1, 6, 7, '', '推进', '2019-05-20 07:41:48', '2019-05-20 07:41:48'),
(10, 7, 1, 76, 77, '', '推进', '2019-06-21 02:11:17', '2019-06-21 02:11:17'),
(11, 7, 1, 77, 78, '', '推进', '2019-06-21 02:11:19', '2019-06-21 02:11:19'),
(12, 20, 1, 271, 272, '', '推进', '2019-06-21 05:23:29', '2019-06-21 05:23:29'),
(13, 20, 1, 272, 273, '', '推进', '2019-06-21 05:23:31', '2019-06-21 05:23:31'),
(14, 20, 1, 273, 272, '', '回滚', '2019-06-21 05:23:38', '2019-06-21 05:23:38'),
(15, 20, 1, 272, 271, '', '回滚', '2019-06-21 05:23:40', '2019-06-21 05:23:40'),
(16, 25, 1, 346, 347, '', '推进', '2019-07-16 14:29:18', '2019-07-16 14:29:18'),
(17, 25, 1, 347, 348, '', '推进', '2019-07-16 14:30:26', '2019-07-16 14:30:26'),
(18, 26, 15, 361, 362, '', '推进', '2019-07-17 06:15:36', '2019-07-17 06:15:36'),
(19, 26, 15, 362, 363, '', '推进', '2019-07-17 06:17:09', '2019-07-17 06:17:09'),
(20, 26, 15, 363, 364, '', '推进', '2019-07-17 06:17:11', '2019-07-17 06:17:11'),
(21, 26, 15, 364, 365, '', '推进', '2019-07-17 06:25:38', '2019-07-17 06:25:38'),
(22, 26, 15, 365, 366, '', '推进', '2019-07-17 06:25:42', '2019-07-17 06:25:42'),
(23, 26, 15, 366, 365, '', '回滚', '2019-07-17 06:25:52', '2019-07-17 06:25:52'),
(24, 26, 15, 365, 364, '', '回滚', '2019-07-17 06:25:55', '2019-07-17 06:25:55'),
(25, 26, 15, 364, 365, '', '推进', '2019-07-17 06:26:06', '2019-07-17 06:26:06'),
(26, 26, 15, 365, 364, '', '回滚', '2019-07-17 08:11:02', '2019-07-17 08:11:02'),
(27, 26, 15, 364, 365, '', '推进', '2019-07-17 08:12:40', '2019-07-17 08:12:40'),
(28, 26, 15, 365, 366, '', '推进', '2019-07-17 08:18:58', '2019-07-17 08:18:58'),
(29, 26, 15, 366, 365, '', '回滚', '2019-07-17 08:19:06', '2019-07-17 08:19:06'),
(30, 26, 15, 365, 364, '', '回滚', '2019-07-17 09:11:52', '2019-07-17 09:11:52'),
(31, 26, 15, 364, 363, '', '回滚', '2019-07-17 09:11:54', '2019-07-17 09:11:54'),
(32, 26, 15, 363, 362, '', '回滚', '2019-07-17 09:11:56', '2019-07-17 09:11:56'),
(33, 26, 15, 362, 363, '', '推进', '2019-07-17 09:17:20', '2019-07-17 09:17:20'),
(34, 26, 15, 363, 364, '', '推进', '2019-07-17 09:17:22', '2019-07-17 09:17:22'),
(35, 26, 15, 364, 365, '', '推进', '2019-07-17 09:17:24', '2019-07-17 09:17:24'),
(36, 26, 15, 365, 366, '', '推进', '2019-07-17 09:50:05', '2019-07-17 09:50:05'),
(37, 26, 15, 366, 367, '', '推进', '2019-07-17 09:50:08', '2019-07-17 09:50:08'),
(38, 26, 15, 367, 366, '', '回滚', '2019-07-17 09:56:42', '2019-07-17 09:56:42'),
(39, 26, 15, 366, 365, '', '回滚', '2019-07-17 09:56:56', '2019-07-17 09:56:56'),
(40, 26, 15, 365, 364, '', '回滚', '2019-07-17 09:57:15', '2019-07-17 09:57:15'),
(41, 26, 15, 364, 363, '', '回滚', '2019-07-17 09:57:18', '2019-07-17 09:57:18'),
(42, 26, 15, 363, 362, '', '回滚', '2019-07-17 09:57:21', '2019-07-17 09:57:21'),
(43, 26, 15, 362, 363, '', '推进', '2019-07-17 09:57:24', '2019-07-17 09:57:24'),
(44, 26, 15, 363, 364, '', '推进', '2019-07-17 09:57:26', '2019-07-17 09:57:26'),
(45, 26, 15, 364, 365, '', '推进', '2019-07-17 09:57:28', '2019-07-17 09:57:28'),
(46, 26, 15, 365, 366, '', '推进', '2019-07-17 10:24:18', '2019-07-17 10:24:18'),
(47, 26, 15, 366, 367, '', '推进', '2019-07-17 10:24:23', '2019-07-17 10:24:23'),
(48, 26, 15, 367, 366, '', '回滚', '2019-07-17 10:24:27', '2019-07-17 10:24:27'),
(49, 26, 15, 366, 367, '', '推进', '2019-07-17 10:24:29', '2019-07-17 10:24:29'),
(50, 26, 15, 367, 368, '', '推进', '2019-07-17 10:24:35', '2019-07-17 10:24:35'),
(51, 26, 15, 368, 367, '', '回滚', '2019-07-17 10:24:37', '2019-07-17 10:24:37'),
(52, 26, 15, 367, 366, '', '回滚', '2019-07-17 10:24:39', '2019-07-17 10:24:39'),
(53, 26, 15, 366, 367, '', '推进', '2019-07-17 10:24:43', '2019-07-17 10:24:43'),
(54, 26, 15, 367, 366, '', '回滚', '2019-07-17 10:25:21', '2019-07-17 10:25:21'),
(55, 26, 15, 366, 365, '', '回滚', '2019-07-17 10:25:23', '2019-07-17 10:25:23'),
(56, 26, 15, 365, 366, '', '推进', '2019-07-17 10:26:38', '2019-07-17 10:26:38'),
(57, 26, 15, 366, 367, '', '推进', '2019-07-17 10:26:42', '2019-07-17 10:26:42'),
(58, 26, 15, 367, 368, '', '推进', '2019-07-17 10:26:46', '2019-07-17 10:26:46'),
(59, 26, 15, 368, 367, '', '回滚', '2019-07-17 10:52:08', '2019-07-17 10:52:08'),
(60, 26, 15, 367, 366, '', '回滚', '2019-07-17 10:54:25', '2019-07-17 10:54:25'),
(61, 26, 15, 366, 367, '', '推进', '2019-07-17 10:54:29', '2019-07-17 10:54:29'),
(62, 26, 15, 367, 368, '', '推进', '2019-07-17 10:56:53', '2019-07-17 10:56:53'),
(63, 26, 15, 368, 367, '', '回滚', '2019-07-17 11:08:04', '2019-07-17 11:08:04'),
(64, 26, 15, 367, 366, '', '回滚', '2019-07-17 11:08:07', '2019-07-17 11:08:07'),
(65, 26, 15, 366, 365, '', '回滚', '2019-07-17 11:08:12', '2019-07-17 11:08:12'),
(66, 26, 15, 365, 364, '', '回滚', '2019-07-17 11:20:57', '2019-07-17 11:20:57'),
(67, 26, 15, 364, 363, '', '回滚', '2019-07-17 11:21:01', '2019-07-17 11:21:01'),
(68, 26, 15, 363, 364, '', '推进', '2019-07-17 11:21:04', '2019-07-17 11:21:04'),
(69, 26, 15, 364, 365, '', '推进', '2019-07-17 11:21:06', '2019-07-17 11:21:06'),
(70, 26, 15, 365, 366, '', '推进', '2019-07-17 11:22:20', '2019-07-17 11:22:20'),
(71, 26, 15, 366, 365, '', '回滚', '2019-07-17 11:22:22', '2019-07-17 11:22:22'),
(72, 26, 15, 365, 364, '', '回滚', '2019-07-17 11:22:25', '2019-07-17 11:22:25'),
(73, 26, 15, 364, 365, '', '推进', '2019-07-17 11:22:28', '2019-07-17 11:22:28'),
(74, 26, 15, 365, 366, '', '推进', '2019-07-17 11:22:32', '2019-07-17 11:22:32'),
(75, 26, 15, 366, 365, '', '回滚', '2019-07-17 11:22:34', '2019-07-17 11:22:34'),
(76, 26, 15, 365, 364, '', '回滚', '2019-07-17 11:27:38', '2019-07-17 11:27:38'),
(77, 26, 15, 364, 363, '', '回滚', '2019-07-17 11:27:42', '2019-07-17 11:27:42'),
(78, 26, 15, 363, 362, '', '回滚', '2019-07-17 11:27:47', '2019-07-17 11:27:47'),
(79, 26, 15, 362, 363, '', '推进', '2019-07-17 11:28:01', '2019-07-17 11:28:01'),
(80, 26, 15, 363, 364, '', '推进', '2019-07-17 11:34:14', '2019-07-17 11:34:14'),
(81, 26, 15, 364, 365, '', '推进', '2019-07-17 11:34:16', '2019-07-17 11:34:16'),
(82, 26, 15, 365, 366, '', '推进', '2019-07-17 11:34:18', '2019-07-17 11:34:18'),
(83, 26, 15, 366, 367, '', '推进', '2019-07-17 11:34:22', '2019-07-17 11:34:22'),
(84, 27, 15, 376, 377, '', '推进', '2019-07-17 11:57:31', '2019-07-17 11:57:31'),
(85, 27, 15, 377, 378, '', '推进', '2019-07-17 11:57:35', '2019-07-17 11:57:35'),
(86, 27, 15, 378, 377, '', '回滚', '2019-07-17 11:58:09', '2019-07-17 11:58:09');

-- --------------------------------------------------------

--
-- Table structure for table `workflow_template`
--

CREATE TABLE `workflow_template` (
  `id` int(10) UNSIGNED NOT NULL,
  `workflow_template_name` varchar(255) COLLATE utf8_unicode_ci NOT NULL,
  `workflow_type` tinyint(4) NOT NULL,
  `creator` int(11) NOT NULL,
  `is_editable` tinyint(4) NOT NULL DEFAULT '1',
  `is_dustbin` tinyint(4) NOT NULL DEFAULT '0',
  `created_at` timestamp NOT NULL DEFAULT '0000-00-00 00:00:00',
  `updated_at` timestamp NOT NULL DEFAULT '0000-00-00 00:00:00'
) ENGINE=InnoDB DEFAULT CHARSET=utf8 COLLATE=utf8_unicode_ci;

--
-- Dumping data for table `workflow_template`
--

INSERT INTO `workflow_template` (`id`, `workflow_template_name`, `workflow_type`, `creator`, `is_editable`, `is_dustbin`, `created_at`, `updated_at`) VALUES
(1, '飞控流程', 0, 1, 0, 0, '0000-00-00 00:00:00', '0000-00-00 00:00:00'),
(2, '多模流程', 0, 1, 0, 0, '0000-00-00 00:00:00', '0000-00-00 00:00:00');

-- --------------------------------------------------------

--
-- Table structure for table `workflow_template_edit_log`
--

CREATE TABLE `workflow_template_edit_log` (
  `id` int(10) UNSIGNED NOT NULL,
  `workflow_template_id` int(11) NOT NULL,
  `u_id` int(11) NOT NULL,
  `u_data` varchar(255) COLLATE utf8_unicode_ci NOT NULL,
  `created_at` timestamp NOT NULL DEFAULT '0000-00-00 00:00:00',
  `updated_at` timestamp NOT NULL DEFAULT '0000-00-00 00:00:00'
) ENGINE=InnoDB DEFAULT CHARSET=utf8 COLLATE=utf8_unicode_ci;

--
-- Indexes for dumped tables
--

--
-- Indexes for table `contact`
--
ALTER TABLE `contact`
  ADD PRIMARY KEY (`id`);

--
-- Indexes for table `contract`
--
ALTER TABLE `contract`
  ADD PRIMARY KEY (`id`);

--
-- Indexes for table `daily_note`
--
ALTER TABLE `daily_note`
  ADD PRIMARY KEY (`id`);

--
-- Indexes for table `delay_apply`
--
ALTER TABLE `delay_apply`
  ADD PRIMARY KEY (`id`);

--
-- Indexes for table `employee`
--
ALTER TABLE `employee`
  ADD PRIMARY KEY (`id`);

--
-- Indexes for table `file_program`
--
ALTER TABLE `file_program`
  ADD PRIMARY KEY (`id`);

--
-- Indexes for table `file_review`
--
ALTER TABLE `file_review`
  ADD PRIMARY KEY (`id`);

--
-- Indexes for table `model`
--
ALTER TABLE `model`
  ADD PRIMARY KEY (`id`);

--
-- Indexes for table `node`
--
ALTER TABLE `node`
  ADD PRIMARY KEY (`id`);

--
-- Indexes for table `node_note`
--
ALTER TABLE `node_note`
  ADD PRIMARY KEY (`id`);

--
-- Indexes for table `no_test_work`
--
ALTER TABLE `no_test_work`
  ADD PRIMARY KEY (`id`);

--
-- Indexes for table `poll`
--
ALTER TABLE `poll`
  ADD PRIMARY KEY (`id`);

--
-- Indexes for table `poll_column`
--
ALTER TABLE `poll_column`
  ADD PRIMARY KEY (`id`);

--
-- Indexes for table `poll_fill`
--
ALTER TABLE `poll_fill`
  ADD PRIMARY KEY (`id`);

--
-- Indexes for table `poll_value`
--
ALTER TABLE `poll_value`
  ADD PRIMARY KEY (`id`);

--
-- Indexes for table `post_program`
--
ALTER TABLE `post_program`
  ADD PRIMARY KEY (`id`);

--
-- Indexes for table `program`
--
ALTER TABLE `program`
  ADD PRIMARY KEY (`id`);

--
-- Indexes for table `programteamrole_task`
--
ALTER TABLE `programteamrole_task`
  ADD PRIMARY KEY (`id`);

--
-- Indexes for table `program_team_role`
--
ALTER TABLE `program_team_role`
  ADD PRIMARY KEY (`id`);

--
-- Indexes for table `pvlog`
--
ALTER TABLE `pvlog`
  ADD PRIMARY KEY (`id`);

--
-- Indexes for table `pvstate`
--
ALTER TABLE `pvstate`
  ADD PRIMARY KEY (`id`);

--
-- Indexes for table `software_info`
--
ALTER TABLE `software_info`
  ADD PRIMARY KEY (`id`);

--
-- Indexes for table `team`
--
ALTER TABLE `team`
  ADD PRIMARY KEY (`id`),
  ADD UNIQUE KEY `teams_name_unique` (`name`);

--
-- Indexes for table `team_role`
--
ALTER TABLE `team_role`
  ADD PRIMARY KEY (`id`);

--
-- Indexes for table `token`
--
ALTER TABLE `token`
  ADD PRIMARY KEY (`id`);

--
-- Indexes for table `user_info`
--
ALTER TABLE `user_info`
  ADD PRIMARY KEY (`id`);

--
-- Indexes for table `workflow`
--
ALTER TABLE `workflow`
  ADD PRIMARY KEY (`id`);

--
-- Indexes for table `workflow_edit_log`
--
ALTER TABLE `workflow_edit_log`
  ADD PRIMARY KEY (`id`);

--
-- Indexes for table `workflow_note`
--
ALTER TABLE `workflow_note`
  ADD PRIMARY KEY (`id`);

--
-- Indexes for table `workflow_template`
--
ALTER TABLE `workflow_template`
  ADD PRIMARY KEY (`id`);

--
-- Indexes for table `workflow_template_edit_log`
--
ALTER TABLE `workflow_template_edit_log`
  ADD PRIMARY KEY (`id`);

--
-- AUTO_INCREMENT for dumped tables
--

--
-- AUTO_INCREMENT for table `contact`
--
ALTER TABLE `contact`
  MODIFY `id` int(10) UNSIGNED NOT NULL AUTO_INCREMENT, AUTO_INCREMENT=13;

--
-- AUTO_INCREMENT for table `contract`
--
ALTER TABLE `contract`
  MODIFY `id` int(10) UNSIGNED NOT NULL AUTO_INCREMENT;

--
-- AUTO_INCREMENT for table `daily_note`
--
ALTER TABLE `daily_note`
  MODIFY `id` int(10) UNSIGNED NOT NULL AUTO_INCREMENT, AUTO_INCREMENT=2;

--
-- AUTO_INCREMENT for table `delay_apply`
--
ALTER TABLE `delay_apply`
  MODIFY `id` int(10) UNSIGNED NOT NULL AUTO_INCREMENT;

--
-- AUTO_INCREMENT for table `employee`
--
ALTER TABLE `employee`
  MODIFY `id` int(10) UNSIGNED NOT NULL AUTO_INCREMENT, AUTO_INCREMENT=18;

--
-- AUTO_INCREMENT for table `file_program`
--
ALTER TABLE `file_program`
  MODIFY `id` int(10) UNSIGNED NOT NULL AUTO_INCREMENT, AUTO_INCREMENT=18;

--
-- AUTO_INCREMENT for table `file_review`
--
ALTER TABLE `file_review`
  MODIFY `id` int(10) UNSIGNED NOT NULL AUTO_INCREMENT, AUTO_INCREMENT=5;

--
-- AUTO_INCREMENT for table `model`
--
ALTER TABLE `model`
  MODIFY `id` int(10) UNSIGNED NOT NULL AUTO_INCREMENT, AUTO_INCREMENT=10;

--
-- AUTO_INCREMENT for table `node`
--
ALTER TABLE `node`
  MODIFY `id` int(10) UNSIGNED NOT NULL AUTO_INCREMENT, AUTO_INCREMENT=386;

--
-- AUTO_INCREMENT for table `node_note`
--
ALTER TABLE `node_note`
  MODIFY `id` int(10) UNSIGNED NOT NULL AUTO_INCREMENT, AUTO_INCREMENT=7;

--
-- AUTO_INCREMENT for table `no_test_work`
--
ALTER TABLE `no_test_work`
  MODIFY `id` int(10) UNSIGNED NOT NULL AUTO_INCREMENT, AUTO_INCREMENT=41;

--
-- AUTO_INCREMENT for table `poll`
--
ALTER TABLE `poll`
  MODIFY `id` int(10) UNSIGNED NOT NULL AUTO_INCREMENT, AUTO_INCREMENT=29;

--
-- AUTO_INCREMENT for table `poll_column`
--
ALTER TABLE `poll_column`
  MODIFY `id` int(10) UNSIGNED NOT NULL AUTO_INCREMENT, AUTO_INCREMENT=9;

--
-- AUTO_INCREMENT for table `poll_fill`
--
ALTER TABLE `poll_fill`
  MODIFY `id` int(10) UNSIGNED NOT NULL AUTO_INCREMENT, AUTO_INCREMENT=37;

--
-- AUTO_INCREMENT for table `poll_value`
--
ALTER TABLE `poll_value`
  MODIFY `id` int(10) UNSIGNED NOT NULL AUTO_INCREMENT, AUTO_INCREMENT=14;

--
-- AUTO_INCREMENT for table `post_program`
--
ALTER TABLE `post_program`
  MODIFY `id` int(10) UNSIGNED NOT NULL AUTO_INCREMENT, AUTO_INCREMENT=7;

--
-- AUTO_INCREMENT for table `program`
--
ALTER TABLE `program`
  MODIFY `id` int(10) UNSIGNED NOT NULL AUTO_INCREMENT, AUTO_INCREMENT=31;

--
-- AUTO_INCREMENT for table `programteamrole_task`
--
ALTER TABLE `programteamrole_task`
  MODIFY `id` int(10) UNSIGNED NOT NULL AUTO_INCREMENT, AUTO_INCREMENT=10;

--
-- AUTO_INCREMENT for table `program_team_role`
--
ALTER TABLE `program_team_role`
  MODIFY `id` int(10) UNSIGNED NOT NULL AUTO_INCREMENT, AUTO_INCREMENT=89;

--
-- AUTO_INCREMENT for table `pvlog`
--
ALTER TABLE `pvlog`
  MODIFY `id` int(10) UNSIGNED NOT NULL AUTO_INCREMENT, AUTO_INCREMENT=209;

--
-- AUTO_INCREMENT for table `pvstate`
--
ALTER TABLE `pvstate`
  MODIFY `id` int(10) UNSIGNED NOT NULL AUTO_INCREMENT, AUTO_INCREMENT=22;

--
-- AUTO_INCREMENT for table `software_info`
--
ALTER TABLE `software_info`
  MODIFY `id` int(10) UNSIGNED NOT NULL AUTO_INCREMENT, AUTO_INCREMENT=201;

--
-- AUTO_INCREMENT for table `team`
--
ALTER TABLE `team`
  MODIFY `id` int(10) UNSIGNED NOT NULL AUTO_INCREMENT, AUTO_INCREMENT=5;

--
-- AUTO_INCREMENT for table `team_role`
--
ALTER TABLE `team_role`
  MODIFY `id` int(10) UNSIGNED NOT NULL AUTO_INCREMENT;

--
-- AUTO_INCREMENT for table `token`
--
ALTER TABLE `token`
  MODIFY `id` int(10) UNSIGNED NOT NULL AUTO_INCREMENT, AUTO_INCREMENT=129;

--
-- AUTO_INCREMENT for table `user_info`
--
ALTER TABLE `user_info`
  MODIFY `id` int(10) UNSIGNED NOT NULL AUTO_INCREMENT, AUTO_INCREMENT=14;

--
-- AUTO_INCREMENT for table `workflow`
--
ALTER TABLE `workflow`
  MODIFY `id` int(10) UNSIGNED NOT NULL AUTO_INCREMENT, AUTO_INCREMENT=28;

--
-- AUTO_INCREMENT for table `workflow_edit_log`
--
ALTER TABLE `workflow_edit_log`
  MODIFY `id` int(10) UNSIGNED NOT NULL AUTO_INCREMENT;

--
-- AUTO_INCREMENT for table `workflow_note`
--
ALTER TABLE `workflow_note`
  MODIFY `id` int(10) UNSIGNED NOT NULL AUTO_INCREMENT, AUTO_INCREMENT=87;

--
-- AUTO_INCREMENT for table `workflow_template`
--
ALTER TABLE `workflow_template`
  MODIFY `id` int(10) UNSIGNED NOT NULL AUTO_INCREMENT, AUTO_INCREMENT=3;

--
-- AUTO_INCREMENT for table `workflow_template_edit_log`
--
ALTER TABLE `workflow_template_edit_log`
  MODIFY `id` int(10) UNSIGNED NOT NULL AUTO_INCREMENT;

/*!40101 SET CHARACTER_SET_CLIENT=@OLD_CHARACTER_SET_CLIENT */;
/*!40101 SET CHARACTER_SET_RESULTS=@OLD_CHARACTER_SET_RESULTS */;
/*!40101 SET COLLATION_CONNECTION=@OLD_COLLATION_CONNECTION */;
